FontFamilyName, FontSize, Width, dpiX, dpiY
Arial, 2, 1, 96, 96
Arial, 3, 2, 96, 96
Arial, 4, 3, 96, 96
Arial, 5, 4, 96, 96
Arial, 6, 4, 96, 96
Arial, 7, 5, 96, 96
Arial, 8, 6, 96, 96
Arial, 9, 7, 96, 96
Arial, 10, 7, 96, 96
Arial, 11, 8, 96, 96
Arial, 12, 9, 96, 96
Arial, 13, 10, 96, 96
Arial, 14, 10, 96, 96
Arial, 15, 11, 96, 96
Arial, 16, 12, 96, 96
Arial, 17, 13, 96, 96
Arial, 18, 13, 96, 96
Arial, 19, 14, 96, 96
Arial, 20, 15, 96, 96
Arial, 21, 16, 96, 96
Arial, 22, 16, 96, 96
Arial, 23, 17, 96, 96
Arial, 24, 18, 96, 96
Arial, 25, 19, 96, 96
Arial Black, 2, 2, 96, 96
Arial Black, 3, 3, 96, 96
Arial Black, 4, 4, 96, 96
Arial Black, 5, 4, 96, 96
Arial Black, 6, 5, 96, 96
Arial Black, 7, 6, 96, 96
Arial Black, 8, 7, 96, 96
Arial Black, 9, 8, 96, 96
Arial Black, 10, 9, 96, 96
Arial Black, 11, 10, 96, 96
Arial Black, 12, 11, 96, 96
Arial Black, 13, 12, 96, 96
Arial Black, 14, 12, 96, 96
Arial Black, 15, 13, 96, 96
Arial Black, 16, 14, 96, 96
Arial Black, 17, 15, 96, 96
Arial Black, 18, 16, 96, 96
Arial Black, 19, 17, 96, 96
Arial Black, 20, 18, 96, 96
Arial Black, 21, 19, 96, 96
Arial Black, 22, 20, 96, 96
Arial Black, 23, 20, 96, 96
Arial Black, 24, 21, 96, 96
Arial Black, 25, 22, 96, 96
Bahnschrift, 2, 1, 96, 96
Bahnschrift, 3, 2, 96, 96
Bahnschrift, 4, 3, 96, 96
Bahnschrift, 5, 4, 96, 96
Bahnschrift, 6, 4, 96, 96
Bahnschrift, 7, 5, 96, 96
Bahnschrift, 8, 6, 96, 96
Bahnschrift, 9, 7, 96, 96
Bahnschrift, 10, 7, 96, 96
Bahnschrift, 11, 8, 96, 96
Bahnschrift, 12, 9, 96, 96
Bahnschrift, 13, 10, 96, 96
Bahnschrift, 14, 10, 96, 96
Bahnschrift, 15, 11, 96, 96
Bahnschrift, 16, 12, 96, 96
Bahnschrift, 17, 13, 96, 96
Bahnschrift, 18, 13, 96, 96
Bahnschrift, 19, 14, 96, 96
Bahnschrift, 20, 15, 96, 96
Bahnschrift, 21, 15, 96, 96
Bahnschrift, 22, 16, 96, 96
Bahnschrift, 23, 17, 96, 96
Bahnschrift, 24, 18, 96, 96
Bahnschrift, 25, 18, 96, 96
Bahnschrift Condensed, 2, 1, 96, 96
Bahnschrift Condensed, 3, 2, 96, 96
Bahnschrift Condensed, 4, 2, 96, 96
Bahnschrift Condensed, 5, 3, 96, 96
Bahnschrift Condensed, 6, 3, 96, 96
Bahnschrift Condensed, 7, 4, 96, 96
Bahnschrift Condensed, 8, 4, 96, 96
Bahnschrift Condensed, 9, 5, 96, 96
Bahnschrift Condensed, 10, 6, 96, 96
Bahnschrift Condensed, 11, 6, 96, 96
Bahnschrift Condensed, 12, 7, 96, 96
Bahnschrift Condensed, 13, 7, 96, 96
Bahnschrift Condensed, 14, 8, 96, 96
Bahnschrift Condensed, 15, 8, 96, 96
Bahnschrift Condensed, 16, 9, 96, 96
Bahnschrift Condensed, 17, 9, 96, 96
Bahnschrift Condensed, 18, 10, 96, 96
Bahnschrift Condensed, 19, 11, 96, 96
Bahnschrift Condensed, 20, 11, 96, 96
Bahnschrift Condensed, 21, 12, 96, 96
Bahnschrift Condensed, 22, 12, 96, 96
Bahnschrift Condensed, 23, 13, 96, 96
Bahnschrift Condensed, 24, 13, 96, 96
Bahnschrift Condensed, 25, 14, 96, 96
Bahnschrift Light, 2, 1, 96, 96
Bahnschrift Light, 3, 2, 96, 96
Bahnschrift Light, 4, 3, 96, 96
Bahnschrift Light, 5, 4, 96, 96
Bahnschrift Light, 6, 4, 96, 96
Bahnschrift Light, 7, 5, 96, 96
Bahnschrift Light, 8, 6, 96, 96
Bahnschrift Light, 9, 7, 96, 96
Bahnschrift Light, 10, 7, 96, 96
Bahnschrift Light, 11, 8, 96, 96
Bahnschrift Light, 12, 9, 96, 96
Bahnschrift Light, 13, 10, 96, 96
Bahnschrift Light, 14, 10, 96, 96
Bahnschrift Light, 15, 11, 96, 96
Bahnschrift Light, 16, 12, 96, 96
Bahnschrift Light, 17, 13, 96, 96
Bahnschrift Light, 18, 13, 96, 96
Bahnschrift Light, 19, 14, 96, 96
Bahnschrift Light, 20, 15, 96, 96
Bahnschrift Light, 21, 15, 96, 96
Bahnschrift Light, 22, 16, 96, 96
Bahnschrift Light, 23, 17, 96, 96
Bahnschrift Light, 24, 18, 96, 96
Bahnschrift Light, 25, 18, 96, 96
Bahnschrift Light Condensed, 2, 1, 96, 96
Bahnschrift Light Condensed, 3, 2, 96, 96
Bahnschrift Light Condensed, 4, 2, 96, 96
Bahnschrift Light Condensed, 5, 3, 96, 96
Bahnschrift Light Condensed, 6, 3, 96, 96
Bahnschrift Light Condensed, 7, 4, 96, 96
Bahnschrift Light Condensed, 8, 4, 96, 96
Bahnschrift Light Condensed, 9, 5, 96, 96
Bahnschrift Light Condensed, 10, 6, 96, 96
Bahnschrift Light Condensed, 11, 6, 96, 96
Bahnschrift Light Condensed, 12, 7, 96, 96
Bahnschrift Light Condensed, 13, 7, 96, 96
Bahnschrift Light Condensed, 14, 8, 96, 96
Bahnschrift Light Condensed, 15, 8, 96, 96
Bahnschrift Light Condensed, 16, 9, 96, 96
Bahnschrift Light Condensed, 17, 9, 96, 96
Bahnschrift Light Condensed, 18, 10, 96, 96
Bahnschrift Light Condensed, 19, 11, 96, 96
Bahnschrift Light Condensed, 20, 11, 96, 96
Bahnschrift Light Condensed, 21, 12, 96, 96
Bahnschrift Light Condensed, 22, 12, 96, 96
Bahnschrift Light Condensed, 23, 13, 96, 96
Bahnschrift Light Condensed, 24, 13, 96, 96
Bahnschrift Light Condensed, 25, 14, 96, 96
Bahnschrift Light SemiCondensed, 2, 1, 96, 96
Bahnschrift Light SemiCondensed, 3, 2, 96, 96
Bahnschrift Light SemiCondensed, 4, 3, 96, 96
Bahnschrift Light SemiCondensed, 5, 3, 96, 96
Bahnschrift Light SemiCondensed, 6, 4, 96, 96
Bahnschrift Light SemiCondensed, 7, 5, 96, 96
Bahnschrift Light SemiCondensed, 8, 5, 96, 96
Bahnschrift Light SemiCondensed, 9, 6, 96, 96
Bahnschrift Light SemiCondensed, 10, 6, 96, 96
Bahnschrift Light SemiCondensed, 11, 7, 96, 96
Bahnschrift Light SemiCondensed, 12, 8, 96, 96
Bahnschrift Light SemiCondensed, 13, 8, 96, 96
Bahnschrift Light SemiCondensed, 14, 9, 96, 96
Bahnschrift Light SemiCondensed, 15, 10, 96, 96
Bahnschrift Light SemiCondensed, 16, 10, 96, 96
Bahnschrift Light SemiCondensed, 17, 11, 96, 96
Bahnschrift Light SemiCondensed, 18, 12, 96, 96
Bahnschrift Light SemiCondensed, 19, 12, 96, 96
Bahnschrift Light SemiCondensed, 20, 13, 96, 96
Bahnschrift Light SemiCondensed, 21, 14, 96, 96
Bahnschrift Light SemiCondensed, 22, 14, 96, 96
Bahnschrift Light SemiCondensed, 23, 15, 96, 96
Bahnschrift Light SemiCondensed, 24, 15, 96, 96
Bahnschrift Light SemiCondensed, 25, 16, 96, 96
Bahnschrift SemiBold, 2, 1, 96, 96
Bahnschrift SemiBold, 3, 2, 96, 96
Bahnschrift SemiBold, 4, 3, 96, 96
Bahnschrift SemiBold, 5, 4, 96, 96
Bahnschrift SemiBold, 6, 4, 96, 96
Bahnschrift SemiBold, 7, 5, 96, 96
Bahnschrift SemiBold, 8, 6, 96, 96
Bahnschrift SemiBold, 9, 7, 96, 96
Bahnschrift SemiBold, 10, 7, 96, 96
Bahnschrift SemiBold, 11, 8, 96, 96
Bahnschrift SemiBold, 12, 9, 96, 96
Bahnschrift SemiBold, 13, 10, 96, 96
Bahnschrift SemiBold, 14, 10, 96, 96
Bahnschrift SemiBold, 15, 11, 96, 96
Bahnschrift SemiBold, 16, 12, 96, 96
Bahnschrift SemiBold, 17, 13, 96, 96
Bahnschrift SemiBold, 18, 13, 96, 96
Bahnschrift SemiBold, 19, 14, 96, 96
Bahnschrift SemiBold, 20, 15, 96, 96
Bahnschrift SemiBold, 21, 15, 96, 96
Bahnschrift SemiBold, 22, 16, 96, 96
Bahnschrift SemiBold, 23, 17, 96, 96
Bahnschrift SemiBold, 24, 18, 96, 96
Bahnschrift SemiBold, 25, 18, 96, 96
Bahnschrift SemiBold Condensed, 2, 1, 96, 96
Bahnschrift SemiBold Condensed, 3, 2, 96, 96
Bahnschrift SemiBold Condensed, 4, 2, 96, 96
Bahnschrift SemiBold Condensed, 5, 3, 96, 96
Bahnschrift SemiBold Condensed, 6, 3, 96, 96
Bahnschrift SemiBold Condensed, 7, 4, 96, 96
Bahnschrift SemiBold Condensed, 8, 4, 96, 96
Bahnschrift SemiBold Condensed, 9, 5, 96, 96
Bahnschrift SemiBold Condensed, 10, 6, 96, 96
Bahnschrift SemiBold Condensed, 11, 6, 96, 96
Bahnschrift SemiBold Condensed, 12, 7, 96, 96
Bahnschrift SemiBold Condensed, 13, 7, 96, 96
Bahnschrift SemiBold Condensed, 14, 8, 96, 96
Bahnschrift SemiBold Condensed, 15, 8, 96, 96
Bahnschrift SemiBold Condensed, 16, 9, 96, 96
Bahnschrift SemiBold Condensed, 17, 9, 96, 96
Bahnschrift SemiBold Condensed, 18, 10, 96, 96
Bahnschrift SemiBold Condensed, 19, 11, 96, 96
Bahnschrift SemiBold Condensed, 20, 11, 96, 96
Bahnschrift SemiBold Condensed, 21, 12, 96, 96
Bahnschrift SemiBold Condensed, 22, 12, 96, 96
Bahnschrift SemiBold Condensed, 23, 13, 96, 96
Bahnschrift SemiBold Condensed, 24, 13, 96, 96
Bahnschrift SemiBold Condensed, 25, 14, 96, 96
Bahnschrift SemiBold SemiConden, 2, 1, 96, 96
Bahnschrift SemiBold SemiConden, 3, 2, 96, 96
Bahnschrift SemiBold SemiConden, 4, 3, 96, 96
Bahnschrift SemiBold SemiConden, 5, 3, 96, 96
Bahnschrift SemiBold SemiConden, 6, 4, 96, 96
Bahnschrift SemiBold SemiConden, 7, 5, 96, 96
Bahnschrift SemiBold SemiConden, 8, 5, 96, 96
Bahnschrift SemiBold SemiConden, 9, 6, 96, 96
Bahnschrift SemiBold SemiConden, 10, 6, 96, 96
Bahnschrift SemiBold SemiConden, 11, 7, 96, 96
Bahnschrift SemiBold SemiConden, 12, 8, 96, 96
Bahnschrift SemiBold SemiConden, 13, 8, 96, 96
Bahnschrift SemiBold SemiConden, 14, 9, 96, 96
Bahnschrift SemiBold SemiConden, 15, 10, 96, 96
Bahnschrift SemiBold SemiConden, 16, 10, 96, 96
Bahnschrift SemiBold SemiConden, 17, 11, 96, 96
Bahnschrift SemiBold SemiConden, 18, 12, 96, 96
Bahnschrift SemiBold SemiConden, 19, 12, 96, 96
Bahnschrift SemiBold SemiConden, 20, 13, 96, 96
Bahnschrift SemiBold SemiConden, 21, 14, 96, 96
Bahnschrift SemiBold SemiConden, 22, 14, 96, 96
Bahnschrift SemiBold SemiConden, 23, 15, 96, 96
Bahnschrift SemiBold SemiConden, 24, 15, 96, 96
Bahnschrift SemiBold SemiConden, 25, 16, 96, 96
Bahnschrift SemiCondensed, 2, 1, 96, 96
Bahnschrift SemiCondensed, 3, 2, 96, 96
Bahnschrift SemiCondensed, 4, 3, 96, 96
Bahnschrift SemiCondensed, 5, 3, 96, 96
Bahnschrift SemiCondensed, 6, 4, 96, 96
Bahnschrift SemiCondensed, 7, 5, 96, 96
Bahnschrift SemiCondensed, 8, 5, 96, 96
Bahnschrift SemiCondensed, 9, 6, 96, 96
Bahnschrift SemiCondensed, 10, 6, 96, 96
Bahnschrift SemiCondensed, 11, 7, 96, 96
Bahnschrift SemiCondensed, 12, 8, 96, 96
Bahnschrift SemiCondensed, 13, 8, 96, 96
Bahnschrift SemiCondensed, 14, 9, 96, 96
Bahnschrift SemiCondensed, 15, 10, 96, 96
Bahnschrift SemiCondensed, 16, 10, 96, 96
Bahnschrift SemiCondensed, 17, 11, 96, 96
Bahnschrift SemiCondensed, 18, 12, 96, 96
Bahnschrift SemiCondensed, 19, 12, 96, 96
Bahnschrift SemiCondensed, 20, 13, 96, 96
Bahnschrift SemiCondensed, 21, 14, 96, 96
Bahnschrift SemiCondensed, 22, 14, 96, 96
Bahnschrift SemiCondensed, 23, 15, 96, 96
Bahnschrift SemiCondensed, 24, 15, 96, 96
Bahnschrift SemiCondensed, 25, 16, 96, 96
Bahnschrift SemiLight, 2, 1, 96, 96
Bahnschrift SemiLight, 3, 2, 96, 96
Bahnschrift SemiLight, 4, 3, 96, 96
Bahnschrift SemiLight, 5, 4, 96, 96
Bahnschrift SemiLight, 6, 4, 96, 96
Bahnschrift SemiLight, 7, 5, 96, 96
Bahnschrift SemiLight, 8, 6, 96, 96
Bahnschrift SemiLight, 9, 7, 96, 96
Bahnschrift SemiLight, 10, 7, 96, 96
Bahnschrift SemiLight, 11, 8, 96, 96
Bahnschrift SemiLight, 12, 9, 96, 96
Bahnschrift SemiLight, 13, 10, 96, 96
Bahnschrift SemiLight, 14, 10, 96, 96
Bahnschrift SemiLight, 15, 11, 96, 96
Bahnschrift SemiLight, 16, 12, 96, 96
Bahnschrift SemiLight, 17, 13, 96, 96
Bahnschrift SemiLight, 18, 13, 96, 96
Bahnschrift SemiLight, 19, 14, 96, 96
Bahnschrift SemiLight, 20, 15, 96, 96
Bahnschrift SemiLight, 21, 15, 96, 96
Bahnschrift SemiLight, 22, 16, 96, 96
Bahnschrift SemiLight, 23, 17, 96, 96
Bahnschrift SemiLight, 24, 18, 96, 96
Bahnschrift SemiLight, 25, 18, 96, 96
Bahnschrift SemiLight Condensed, 2, 1, 96, 96
Bahnschrift SemiLight Condensed, 3, 2, 96, 96
Bahnschrift SemiLight Condensed, 4, 2, 96, 96
Bahnschrift SemiLight Condensed, 5, 3, 96, 96
Bahnschrift SemiLight Condensed, 6, 3, 96, 96
Bahnschrift SemiLight Condensed, 7, 4, 96, 96
Bahnschrift SemiLight Condensed, 8, 4, 96, 96
Bahnschrift SemiLight Condensed, 9, 5, 96, 96
Bahnschrift SemiLight Condensed, 10, 6, 96, 96
Bahnschrift SemiLight Condensed, 11, 6, 96, 96
Bahnschrift SemiLight Condensed, 12, 7, 96, 96
Bahnschrift SemiLight Condensed, 13, 7, 96, 96
Bahnschrift SemiLight Condensed, 14, 8, 96, 96
Bahnschrift SemiLight Condensed, 15, 8, 96, 96
Bahnschrift SemiLight Condensed, 16, 9, 96, 96
Bahnschrift SemiLight Condensed, 17, 9, 96, 96
Bahnschrift SemiLight Condensed, 18, 10, 96, 96
Bahnschrift SemiLight Condensed, 19, 11, 96, 96
Bahnschrift SemiLight Condensed, 20, 11, 96, 96
Bahnschrift SemiLight Condensed, 21, 12, 96, 96
Bahnschrift SemiLight Condensed, 22, 12, 96, 96
Bahnschrift SemiLight Condensed, 23, 13, 96, 96
Bahnschrift SemiLight Condensed, 24, 13, 96, 96
Bahnschrift SemiLight Condensed, 25, 14, 96, 96
Bahnschrift SemiLight SemiConde, 2, 1, 96, 96
Bahnschrift SemiLight SemiConde, 3, 2, 96, 96
Bahnschrift SemiLight SemiConde, 4, 3, 96, 96
Bahnschrift SemiLight SemiConde, 5, 3, 96, 96
Bahnschrift SemiLight SemiConde, 6, 4, 96, 96
Bahnschrift SemiLight SemiConde, 7, 5, 96, 96
Bahnschrift SemiLight SemiConde, 8, 5, 96, 96
Bahnschrift SemiLight SemiConde, 9, 6, 96, 96
Bahnschrift SemiLight SemiConde, 10, 6, 96, 96
Bahnschrift SemiLight SemiConde, 11, 7, 96, 96
Bahnschrift SemiLight SemiConde, 12, 8, 96, 96
Bahnschrift SemiLight SemiConde, 13, 8, 96, 96
Bahnschrift SemiLight SemiConde, 14, 9, 96, 96
Bahnschrift SemiLight SemiConde, 15, 10, 96, 96
Bahnschrift SemiLight SemiConde, 16, 10, 96, 96
Bahnschrift SemiLight SemiConde, 17, 11, 96, 96
Bahnschrift SemiLight SemiConde, 18, 12, 96, 96
Bahnschrift SemiLight SemiConde, 19, 12, 96, 96
Bahnschrift SemiLight SemiConde, 20, 13, 96, 96
Bahnschrift SemiLight SemiConde, 21, 14, 96, 96
Bahnschrift SemiLight SemiConde, 22, 14, 96, 96
Bahnschrift SemiLight SemiConde, 23, 15, 96, 96
Bahnschrift SemiLight SemiConde, 24, 15, 96, 96
Bahnschrift SemiLight SemiConde, 25, 16, 96, 96
Calibri, 2, 1, 96, 96
Calibri, 3, 2, 96, 96
Calibri, 4, 3, 96, 96
Calibri, 5, 3, 96, 96
Calibri, 6, 4, 96, 96
Calibri, 7, 5, 96, 96
Calibri, 8, 5, 96, 96
Calibri, 9, 6, 96, 96
Calibri, 10, 7, 96, 96
Calibri, 11, 7, 96, 96
Calibri, 12, 8, 96, 96
Calibri, 13, 9, 96, 96
Calibri, 14, 9, 96, 96
Calibri, 15, 10, 96, 96
Calibri, 16, 11, 96, 96
Calibri, 17, 11, 96, 96
Calibri, 18, 12, 96, 96
Calibri, 19, 13, 96, 96
Calibri, 20, 14, 96, 96
Calibri, 21, 14, 96, 96
Calibri, 22, 15, 96, 96
Calibri, 23, 16, 96, 96
Calibri, 24, 16, 96, 96
Calibri, 25, 17, 96, 96
Calibri Light, 2, 1, 96, 96
Calibri Light, 3, 2, 96, 96
Calibri Light, 4, 3, 96, 96
Calibri Light, 5, 3, 96, 96
Calibri Light, 6, 4, 96, 96
Calibri Light, 7, 5, 96, 96
Calibri Light, 8, 5, 96, 96
Calibri Light, 9, 6, 96, 96
Calibri Light, 10, 7, 96, 96
Calibri Light, 11, 7, 96, 96
Calibri Light, 12, 8, 96, 96
Calibri Light, 13, 9, 96, 96
Calibri Light, 14, 9, 96, 96
Calibri Light, 15, 10, 96, 96
Calibri Light, 16, 11, 96, 96
Calibri Light, 17, 11, 96, 96
Calibri Light, 18, 12, 96, 96
Calibri Light, 19, 13, 96, 96
Calibri Light, 20, 14, 96, 96
Calibri Light, 21, 14, 96, 96
Calibri Light, 22, 15, 96, 96
Calibri Light, 23, 16, 96, 96
Calibri Light, 24, 16, 96, 96
Calibri Light, 25, 17, 96, 96
Cambria, 2, 1, 96, 96
Cambria, 3, 2, 96, 96
Cambria, 4, 3, 96, 96
Cambria, 5, 4, 96, 96
Cambria, 6, 4, 96, 96
Cambria, 7, 5, 96, 96
Cambria, 8, 6, 96, 96
Cambria, 9, 7, 96, 96
Cambria, 10, 7, 96, 96
Cambria, 11, 8, 96, 96
Cambria, 12, 9, 96, 96
Cambria, 13, 10, 96, 96
Cambria, 14, 10, 96, 96
Cambria, 15, 11, 96, 96
Cambria, 16, 12, 96, 96
Cambria, 17, 13, 96, 96
Cambria, 18, 13, 96, 96
Cambria, 19, 14, 96, 96
Cambria, 20, 15, 96, 96
Cambria, 21, 16, 96, 96
Cambria, 22, 16, 96, 96
Cambria, 23, 17, 96, 96
Cambria, 24, 18, 96, 96
Cambria, 25, 18, 96, 96
Cambria Math, 2, 1, 96, 96
Cambria Math, 3, 2, 96, 96
Cambria Math, 4, 3, 96, 96
Cambria Math, 5, 4, 96, 96
Cambria Math, 6, 4, 96, 96
Cambria Math, 7, 5, 96, 96
Cambria Math, 8, 6, 96, 96
Cambria Math, 9, 7, 96, 96
Cambria Math, 10, 7, 96, 96
Cambria Math, 11, 8, 96, 96
Cambria Math, 12, 9, 96, 96
Cambria Math, 13, 10, 96, 96
Cambria Math, 14, 10, 96, 96
Cambria Math, 15, 11, 96, 96
Cambria Math, 16, 12, 96, 96
Cambria Math, 17, 13, 96, 96
Cambria Math, 18, 13, 96, 96
Cambria Math, 19, 14, 96, 96
Cambria Math, 20, 15, 96, 96
Cambria Math, 21, 16, 96, 96
Cambria Math, 22, 16, 96, 96
Cambria Math, 23, 17, 96, 96
Cambria Math, 24, 18, 96, 96
Cambria Math, 25, 18, 96, 96
Candara, 2, 1, 96, 96
Candara, 3, 2, 96, 96
Candara, 4, 3, 96, 96
Candara, 5, 4, 96, 96
Candara, 6, 4, 96, 96
Candara, 7, 5, 96, 96
Candara, 8, 6, 96, 96
Candara, 9, 7, 96, 96
Candara, 10, 7, 96, 96
Candara, 11, 8, 96, 96
Candara, 12, 9, 96, 96
Candara, 13, 10, 96, 96
Candara, 14, 10, 96, 96
Candara, 15, 11, 96, 96
Candara, 16, 12, 96, 96
Candara, 17, 12, 96, 96
Candara, 18, 13, 96, 96
Candara, 19, 14, 96, 96
Candara, 20, 15, 96, 96
Candara, 21, 15, 96, 96
Candara, 22, 16, 96, 96
Candara, 23, 17, 96, 96
Candara, 24, 18, 96, 96
Candara, 25, 18, 96, 96
Candara Light, 2, 2, 96, 96
Candara Light, 3, 2, 96, 96
Candara Light, 4, 3, 96, 96
Candara Light, 5, 4, 96, 96
Candara Light, 6, 5, 96, 96
Candara Light, 7, 5, 96, 96
Candara Light, 8, 6, 96, 96
Candara Light, 9, 7, 96, 96
Candara Light, 10, 8, 96, 96
Candara Light, 11, 8, 96, 96
Candara Light, 12, 9, 96, 96
Candara Light, 13, 10, 96, 96
Candara Light, 14, 11, 96, 96
Candara Light, 15, 11, 96, 96
Candara Light, 16, 12, 96, 96
Candara Light, 17, 13, 96, 96
Candara Light, 18, 14, 96, 96
Candara Light, 19, 14, 96, 96
Candara Light, 20, 15, 96, 96
Candara Light, 21, 16, 96, 96
Candara Light, 22, 17, 96, 96
Candara Light, 23, 17, 96, 96
Candara Light, 24, 18, 96, 96
Candara Light, 25, 19, 96, 96
Comic Sans MS, 2, 2, 96, 96
Comic Sans MS, 3, 2, 96, 96
Comic Sans MS, 4, 3, 96, 96
Comic Sans MS, 5, 4, 96, 96
Comic Sans MS, 6, 5, 96, 96
Comic Sans MS, 7, 6, 96, 96
Comic Sans MS, 8, 7, 96, 96
Comic Sans MS, 9, 7, 96, 96
Comic Sans MS, 10, 8, 96, 96
Comic Sans MS, 11, 9, 96, 96
Comic Sans MS, 12, 10, 96, 96
Comic Sans MS, 13, 11, 96, 96
Comic Sans MS, 14, 11, 96, 96
Comic Sans MS, 15, 12, 96, 96
Comic Sans MS, 16, 13, 96, 96
Comic Sans MS, 17, 14, 96, 96
Comic Sans MS, 18, 15, 96, 96
Comic Sans MS, 19, 15, 96, 96
Comic Sans MS, 20, 16, 96, 96
Comic Sans MS, 21, 17, 96, 96
Comic Sans MS, 22, 18, 96, 96
Comic Sans MS, 23, 19, 96, 96
Comic Sans MS, 24, 20, 96, 96
Comic Sans MS, 25, 20, 96, 96
Consolas, 2, 1, 96, 96
Consolas, 3, 2, 96, 96
Consolas, 4, 3, 96, 96
Consolas, 5, 4, 96, 96
Consolas, 6, 4, 96, 96
Consolas, 7, 5, 96, 96
Consolas, 8, 6, 96, 96
Consolas, 9, 7, 96, 96
Consolas, 10, 7, 96, 96
Consolas, 11, 8, 96, 96
Consolas, 12, 9, 96, 96
Consolas, 13, 10, 96, 96
Consolas, 14, 10, 96, 96
Consolas, 15, 11, 96, 96
Consolas, 16, 12, 96, 96
Consolas, 17, 12, 96, 96
Consolas, 18, 13, 96, 96
Consolas, 19, 14, 96, 96
Consolas, 20, 15, 96, 96
Consolas, 21, 15, 96, 96
Consolas, 22, 16, 96, 96
Consolas, 23, 17, 96, 96
Consolas, 24, 18, 96, 96
Consolas, 25, 18, 96, 96
Constantia, 2, 1, 96, 96
Constantia, 3, 2, 96, 96
Constantia, 4, 3, 96, 96
Constantia, 5, 4, 96, 96
Constantia, 6, 4, 96, 96
Constantia, 7, 5, 96, 96
Constantia, 8, 6, 96, 96
Constantia, 9, 6, 96, 96
Constantia, 10, 7, 96, 96
Constantia, 11, 8, 96, 96
Constantia, 12, 9, 96, 96
Constantia, 13, 9, 96, 96
Constantia, 14, 10, 96, 96
Constantia, 15, 11, 96, 96
Constantia, 16, 11, 96, 96
Constantia, 17, 12, 96, 96
Constantia, 18, 13, 96, 96
Constantia, 19, 14, 96, 96
Constantia, 20, 14, 96, 96
Constantia, 21, 15, 96, 96
Constantia, 22, 16, 96, 96
Constantia, 23, 17, 96, 96
Constantia, 24, 17, 96, 96
Constantia, 25, 18, 96, 96
Corbel, 2, 1, 96, 96
Corbel, 3, 2, 96, 96
Corbel, 4, 3, 96, 96
Corbel, 5, 3, 96, 96
Corbel, 6, 4, 96, 96
Corbel, 7, 5, 96, 96
Corbel, 8, 5, 96, 96
Corbel, 9, 6, 96, 96
Corbel, 10, 7, 96, 96
Corbel, 11, 8, 96, 96
Corbel, 12, 8, 96, 96
Corbel, 13, 9, 96, 96
Corbel, 14, 10, 96, 96
Corbel, 15, 10, 96, 96
Corbel, 16, 11, 96, 96
Corbel, 17, 12, 96, 96
Corbel, 18, 12, 96, 96
Corbel, 19, 13, 96, 96
Corbel, 20, 14, 96, 96
Corbel, 21, 14, 96, 96
Corbel, 22, 15, 96, 96
Corbel, 23, 16, 96, 96
Corbel, 24, 16, 96, 96
Corbel, 25, 17, 96, 96
Corbel Light, 2, 1, 96, 96
Corbel Light, 3, 2, 96, 96
Corbel Light, 4, 3, 96, 96
Corbel Light, 5, 3, 96, 96
Corbel Light, 6, 4, 96, 96
Corbel Light, 7, 5, 96, 96
Corbel Light, 8, 5, 96, 96
Corbel Light, 9, 6, 96, 96
Corbel Light, 10, 7, 96, 96
Corbel Light, 11, 8, 96, 96
Corbel Light, 12, 8, 96, 96
Corbel Light, 13, 9, 96, 96
Corbel Light, 14, 10, 96, 96
Corbel Light, 15, 10, 96, 96
Corbel Light, 16, 11, 96, 96
Corbel Light, 17, 12, 96, 96
Corbel Light, 18, 12, 96, 96
Corbel Light, 19, 13, 96, 96
Corbel Light, 20, 14, 96, 96
Corbel Light, 21, 14, 96, 96
Corbel Light, 22, 15, 96, 96
Corbel Light, 23, 16, 96, 96
Corbel Light, 24, 16, 96, 96
Corbel Light, 25, 17, 96, 96
Courier New, 2, 2, 96, 96
Courier New, 3, 2, 96, 96
Courier New, 4, 3, 96, 96
Courier New, 5, 4, 96, 96
Courier New, 6, 5, 96, 96
Courier New, 7, 6, 96, 96
Courier New, 8, 6, 96, 96
Courier New, 9, 7, 96, 96
Courier New, 10, 8, 96, 96
Courier New, 11, 9, 96, 96
Courier New, 12, 10, 96, 96
Courier New, 13, 10, 96, 96
Courier New, 14, 11, 96, 96
Courier New, 15, 12, 96, 96
Courier New, 16, 13, 96, 96
Courier New, 17, 14, 96, 96
Courier New, 18, 14, 96, 96
Courier New, 19, 15, 96, 96
Courier New, 20, 16, 96, 96
Courier New, 21, 17, 96, 96
Courier New, 22, 18, 96, 96
Courier New, 23, 18, 96, 96
Courier New, 24, 19, 96, 96
Courier New, 25, 20, 96, 96
Ebrima, 2, 1, 96, 96
Ebrima, 3, 2, 96, 96
Ebrima, 4, 3, 96, 96
Ebrima, 5, 4, 96, 96
Ebrima, 6, 4, 96, 96
Ebrima, 7, 5, 96, 96
Ebrima, 8, 6, 96, 96
Ebrima, 9, 6, 96, 96
Ebrima, 10, 7, 96, 96
Ebrima, 11, 8, 96, 96
Ebrima, 12, 9, 96, 96
Ebrima, 13, 9, 96, 96
Ebrima, 14, 10, 96, 96
Ebrima, 15, 11, 96, 96
Ebrima, 16, 11, 96, 96
Ebrima, 17, 12, 96, 96
Ebrima, 18, 13, 96, 96
Ebrima, 19, 14, 96, 96
Ebrima, 20, 14, 96, 96
Ebrima, 21, 15, 96, 96
Ebrima, 22, 16, 96, 96
Ebrima, 23, 17, 96, 96
Ebrima, 24, 17, 96, 96
Ebrima, 25, 18, 96, 96
Franklin Gothic Medium, 2, 2, 96, 96
Franklin Gothic Medium, 3, 2, 96, 96
Franklin Gothic Medium, 4, 3, 96, 96
Franklin Gothic Medium, 5, 4, 96, 96
Franklin Gothic Medium, 6, 5, 96, 96
Franklin Gothic Medium, 7, 5, 96, 96
Franklin Gothic Medium, 8, 6, 96, 96
Franklin Gothic Medium, 9, 7, 96, 96
Franklin Gothic Medium, 10, 8, 96, 96
Franklin Gothic Medium, 11, 9, 96, 96
Franklin Gothic Medium, 12, 9, 96, 96
Franklin Gothic Medium, 13, 10, 96, 96
Franklin Gothic Medium, 14, 11, 96, 96
Franklin Gothic Medium, 15, 12, 96, 96
Franklin Gothic Medium, 16, 13, 96, 96
Franklin Gothic Medium, 17, 13, 96, 96
Franklin Gothic Medium, 18, 14, 96, 96
Franklin Gothic Medium, 19, 15, 96, 96
Franklin Gothic Medium, 20, 16, 96, 96
Franklin Gothic Medium, 21, 16, 96, 96
Franklin Gothic Medium, 22, 17, 96, 96
Franklin Gothic Medium, 23, 18, 96, 96
Franklin Gothic Medium, 24, 19, 96, 96
Franklin Gothic Medium, 25, 20, 96, 96
Gabriola, 2, 1, 96, 96
Gabriola, 3, 2, 96, 96
Gabriola, 4, 2, 96, 96
Gabriola, 5, 3, 96, 96
Gabriola, 6, 3, 96, 96
Gabriola, 7, 4, 96, 96
Gabriola, 8, 4, 96, 96
Gabriola, 9, 5, 96, 96
Gabriola, 10, 5, 96, 96
Gabriola, 11, 6, 96, 96
Gabriola, 12, 6, 96, 96
Gabriola, 13, 7, 96, 96
Gabriola, 14, 7, 96, 96
Gabriola, 15, 8, 96, 96
Gabriola, 16, 8, 96, 96
Gabriola, 17, 9, 96, 96
Gabriola, 18, 10, 96, 96
Gabriola, 19, 10, 96, 96
Gabriola, 20, 11, 96, 96
Gabriola, 21, 11, 96, 96
Gabriola, 22, 12, 96, 96
Gabriola, 23, 12, 96, 96
Gabriola, 24, 13, 96, 96
Gabriola, 25, 13, 96, 96
Gadugi, 2, 1, 96, 96
Gadugi, 3, 2, 96, 96
Gadugi, 4, 3, 96, 96
Gadugi, 5, 4, 96, 96
Gadugi, 6, 4, 96, 96
Gadugi, 7, 5, 96, 96
Gadugi, 8, 6, 96, 96
Gadugi, 9, 6, 96, 96
Gadugi, 10, 7, 96, 96
Gadugi, 11, 8, 96, 96
Gadugi, 12, 9, 96, 96
Gadugi, 13, 9, 96, 96
Gadugi, 14, 10, 96, 96
Gadugi, 15, 11, 96, 96
Gadugi, 16, 11, 96, 96
Gadugi, 17, 12, 96, 96
Gadugi, 18, 13, 96, 96
Gadugi, 19, 14, 96, 96
Gadugi, 20, 14, 96, 96
Gadugi, 21, 15, 96, 96
Gadugi, 22, 16, 96, 96
Gadugi, 23, 17, 96, 96
Gadugi, 24, 17, 96, 96
Gadugi, 25, 18, 96, 96
Georgia, 2, 2, 96, 96
Georgia, 3, 2, 96, 96
Georgia, 4, 3, 96, 96
Georgia, 5, 4, 96, 96
Georgia, 6, 5, 96, 96
Georgia, 7, 6, 96, 96
Georgia, 8, 7, 96, 96
Georgia, 9, 7, 96, 96
Georgia, 10, 8, 96, 96
Georgia, 11, 9, 96, 96
Georgia, 12, 10, 96, 96
Georgia, 13, 11, 96, 96
Georgia, 14, 11, 96, 96
Georgia, 15, 12, 96, 96
Georgia, 16, 13, 96, 96
Georgia, 17, 14, 96, 96
Georgia, 18, 15, 96, 96
Georgia, 19, 16, 96, 96
Georgia, 20, 16, 96, 96
Georgia, 21, 17, 96, 96
Georgia, 22, 18, 96, 96
Georgia, 23, 19, 96, 96
Georgia, 24, 20, 96, 96
Georgia, 25, 20, 96, 96
HoloLens MDL2 Assets, 2, 2, 96, 96
HoloLens MDL2 Assets, 3, 3, 96, 96
HoloLens MDL2 Assets, 4, 3, 96, 96
HoloLens MDL2 Assets, 5, 4, 96, 96
HoloLens MDL2 Assets, 6, 5, 96, 96
HoloLens MDL2 Assets, 7, 6, 96, 96
HoloLens MDL2 Assets, 8, 7, 96, 96
HoloLens MDL2 Assets, 9, 8, 96, 96
HoloLens MDL2 Assets, 10, 9, 96, 96
HoloLens MDL2 Assets, 11, 9, 96, 96
HoloLens MDL2 Assets, 12, 10, 96, 96
HoloLens MDL2 Assets, 13, 11, 96, 96
HoloLens MDL2 Assets, 14, 12, 96, 96
HoloLens MDL2 Assets, 15, 13, 96, 96
HoloLens MDL2 Assets, 16, 14, 96, 96
HoloLens MDL2 Assets, 17, 15, 96, 96
HoloLens MDL2 Assets, 18, 15, 96, 96
HoloLens MDL2 Assets, 19, 16, 96, 96
HoloLens MDL2 Assets, 20, 17, 96, 96
HoloLens MDL2 Assets, 21, 18, 96, 96
HoloLens MDL2 Assets, 22, 19, 96, 96
HoloLens MDL2 Assets, 23, 20, 96, 96
HoloLens MDL2 Assets, 24, 21, 96, 96
HoloLens MDL2 Assets, 25, 22, 96, 96
Impact, 2, 1, 96, 96
Impact, 3, 2, 96, 96
Impact, 4, 3, 96, 96
Impact, 5, 4, 96, 96
Impact, 6, 4, 96, 96
Impact, 7, 5, 96, 96
Impact, 8, 6, 96, 96
Impact, 9, 6, 96, 96
Impact, 10, 7, 96, 96
Impact, 11, 8, 96, 96
Impact, 12, 9, 96, 96
Impact, 13, 9, 96, 96
Impact, 14, 10, 96, 96
Impact, 15, 11, 96, 96
Impact, 16, 11, 96, 96
Impact, 17, 12, 96, 96
Impact, 18, 13, 96, 96
Impact, 19, 14, 96, 96
Impact, 20, 14, 96, 96
Impact, 21, 15, 96, 96
Impact, 22, 16, 96, 96
Impact, 23, 16, 96, 96
Impact, 24, 17, 96, 96
Impact, 25, 18, 96, 96
Ink Free, 2, 2, 96, 96
Ink Free, 3, 2, 96, 96
Ink Free, 4, 3, 96, 96
Ink Free, 5, 4, 96, 96
Ink Free, 6, 5, 96, 96
Ink Free, 7, 5, 96, 96
Ink Free, 8, 6, 96, 96
Ink Free, 9, 7, 96, 96
Ink Free, 10, 8, 96, 96
Ink Free, 11, 8, 96, 96
Ink Free, 12, 9, 96, 96
Ink Free, 13, 10, 96, 96
Ink Free, 14, 11, 96, 96
Ink Free, 15, 11, 96, 96
Ink Free, 16, 12, 96, 96
Ink Free, 17, 13, 96, 96
Ink Free, 18, 14, 96, 96
Ink Free, 19, 14, 96, 96
Ink Free, 20, 15, 96, 96
Ink Free, 21, 16, 96, 96
Ink Free, 22, 17, 96, 96
Ink Free, 23, 17, 96, 96
Ink Free, 24, 18, 96, 96
Ink Free, 25, 19, 96, 96
Javanese Text, 2, 2, 96, 96
Javanese Text, 3, 2, 96, 96
Javanese Text, 4, 3, 96, 96
Javanese Text, 5, 4, 96, 96
Javanese Text, 6, 5, 96, 96
Javanese Text, 7, 6, 96, 96
Javanese Text, 8, 6, 96, 96
Javanese Text, 9, 7, 96, 96
Javanese Text, 10, 8, 96, 96
Javanese Text, 11, 9, 96, 96
Javanese Text, 12, 9, 96, 96
Javanese Text, 13, 10, 96, 96
Javanese Text, 14, 11, 96, 96
Javanese Text, 15, 12, 96, 96
Javanese Text, 16, 13, 96, 96
Javanese Text, 17, 13, 96, 96
Javanese Text, 18, 14, 96, 96
Javanese Text, 19, 15, 96, 96
Javanese Text, 20, 16, 96, 96
Javanese Text, 21, 17, 96, 96
Javanese Text, 22, 17, 96, 96
Javanese Text, 23, 18, 96, 96
Javanese Text, 24, 19, 96, 96
Javanese Text, 25, 20, 96, 96
Lato, 2, 2, 96, 96
Lato, 3, 2, 96, 96
Lato, 4, 3, 96, 96
Lato, 5, 4, 96, 96
Lato, 6, 5, 96, 96
Lato, 7, 5, 96, 96
Lato, 8, 6, 96, 96
Lato, 9, 7, 96, 96
Lato, 10, 8, 96, 96
Lato, 11, 9, 96, 96
Lato, 12, 9, 96, 96
Lato, 13, 10, 96, 96
Lato, 14, 11, 96, 96
Lato, 15, 12, 96, 96
Lato, 16, 12, 96, 96
Lato, 17, 13, 96, 96
Lato, 18, 14, 96, 96
Lato, 19, 15, 96, 96
Lato, 20, 15, 96, 96
Lato, 21, 16, 96, 96
Lato, 22, 17, 96, 96
Lato, 23, 18, 96, 96
Lato, 24, 19, 96, 96
Lato, 25, 19, 96, 96
Lato Light, 2, 2, 96, 96
Lato Light, 3, 2, 96, 96
Lato Light, 4, 3, 96, 96
Lato Light, 5, 4, 96, 96
Lato Light, 6, 5, 96, 96
Lato Light, 7, 5, 96, 96
Lato Light, 8, 6, 96, 96
Lato Light, 9, 7, 96, 96
Lato Light, 10, 8, 96, 96
Lato Light, 11, 9, 96, 96
Lato Light, 12, 9, 96, 96
Lato Light, 13, 10, 96, 96
Lato Light, 14, 11, 96, 96
Lato Light, 15, 12, 96, 96
Lato Light, 16, 12, 96, 96
Lato Light, 17, 13, 96, 96
Lato Light, 18, 14, 96, 96
Lato Light, 19, 15, 96, 96
Lato Light, 20, 15, 96, 96
Lato Light, 21, 16, 96, 96
Lato Light, 22, 17, 96, 96
Lato Light, 23, 18, 96, 96
Lato Light, 24, 19, 96, 96
Lato Light, 25, 19, 96, 96
Lato Semibold, 2, 2, 96, 96
Lato Semibold, 3, 2, 96, 96
Lato Semibold, 4, 3, 96, 96
Lato Semibold, 5, 4, 96, 96
Lato Semibold, 6, 5, 96, 96
Lato Semibold, 7, 5, 96, 96
Lato Semibold, 8, 6, 96, 96
Lato Semibold, 9, 7, 96, 96
Lato Semibold, 10, 8, 96, 96
Lato Semibold, 11, 9, 96, 96
Lato Semibold, 12, 9, 96, 96
Lato Semibold, 13, 10, 96, 96
Lato Semibold, 14, 11, 96, 96
Lato Semibold, 15, 12, 96, 96
Lato Semibold, 16, 12, 96, 96
Lato Semibold, 17, 13, 96, 96
Lato Semibold, 18, 14, 96, 96
Lato Semibold, 19, 15, 96, 96
Lato Semibold, 20, 15, 96, 96
Lato Semibold, 21, 16, 96, 96
Lato Semibold, 22, 17, 96, 96
Lato Semibold, 23, 18, 96, 96
Lato Semibold, 24, 19, 96, 96
Lato Semibold, 25, 19, 96, 96
Leelawadee UI, 2, 1, 96, 96
Leelawadee UI, 3, 2, 96, 96
Leelawadee UI, 4, 3, 96, 96
Leelawadee UI, 5, 4, 96, 96
Leelawadee UI, 6, 4, 96, 96
Leelawadee UI, 7, 5, 96, 96
Leelawadee UI, 8, 6, 96, 96
Leelawadee UI, 9, 6, 96, 96
Leelawadee UI, 10, 7, 96, 96
Leelawadee UI, 11, 8, 96, 96
Leelawadee UI, 12, 9, 96, 96
Leelawadee UI, 13, 9, 96, 96
Leelawadee UI, 14, 10, 96, 96
Leelawadee UI, 15, 11, 96, 96
Leelawadee UI, 16, 11, 96, 96
Leelawadee UI, 17, 12, 96, 96
Leelawadee UI, 18, 13, 96, 96
Leelawadee UI, 19, 14, 96, 96
Leelawadee UI, 20, 14, 96, 96
Leelawadee UI, 21, 15, 96, 96
Leelawadee UI, 22, 16, 96, 96
Leelawadee UI, 23, 17, 96, 96
Leelawadee UI, 24, 17, 96, 96
Leelawadee UI, 25, 18, 96, 96
Leelawadee UI Semilight, 2, 1, 96, 96
Leelawadee UI Semilight, 3, 2, 96, 96
Leelawadee UI Semilight, 4, 3, 96, 96
Leelawadee UI Semilight, 5, 4, 96, 96
Leelawadee UI Semilight, 6, 4, 96, 96
Leelawadee UI Semilight, 7, 5, 96, 96
Leelawadee UI Semilight, 8, 6, 96, 96
Leelawadee UI Semilight, 9, 6, 96, 96
Leelawadee UI Semilight, 10, 7, 96, 96
Leelawadee UI Semilight, 11, 8, 96, 96
Leelawadee UI Semilight, 12, 8, 96, 96
Leelawadee UI Semilight, 13, 9, 96, 96
Leelawadee UI Semilight, 14, 10, 96, 96
Leelawadee UI Semilight, 15, 11, 96, 96
Leelawadee UI Semilight, 16, 11, 96, 96
Leelawadee UI Semilight, 17, 12, 96, 96
Leelawadee UI Semilight, 18, 13, 96, 96
Leelawadee UI Semilight, 19, 13, 96, 96
Leelawadee UI Semilight, 20, 14, 96, 96
Leelawadee UI Semilight, 21, 15, 96, 96
Leelawadee UI Semilight, 22, 15, 96, 96
Leelawadee UI Semilight, 23, 16, 96, 96
Leelawadee UI Semilight, 24, 17, 96, 96
Leelawadee UI Semilight, 25, 18, 96, 96
Lucida Console, 2, 2, 96, 96
Lucida Console, 3, 2, 96, 96
Lucida Console, 4, 3, 96, 96
Lucida Console, 5, 4, 96, 96
Lucida Console, 6, 5, 96, 96
Lucida Console, 7, 6, 96, 96
Lucida Console, 8, 6, 96, 96
Lucida Console, 9, 7, 96, 96
Lucida Console, 10, 8, 96, 96
Lucida Console, 11, 9, 96, 96
Lucida Console, 12, 10, 96, 96
Lucida Console, 13, 10, 96, 96
Lucida Console, 14, 11, 96, 96
Lucida Console, 15, 12, 96, 96
Lucida Console, 16, 13, 96, 96
Lucida Console, 17, 14, 96, 96
Lucida Console, 18, 14, 96, 96
Lucida Console, 19, 15, 96, 96
Lucida Console, 20, 16, 96, 96
Lucida Console, 21, 17, 96, 96
Lucida Console, 22, 18, 96, 96
Lucida Console, 23, 18, 96, 96
Lucida Console, 24, 19, 96, 96
Lucida Console, 25, 20, 96, 96
Lucida Sans Unicode, 2, 2, 96, 96
Lucida Sans Unicode, 3, 3, 96, 96
Lucida Sans Unicode, 4, 3, 96, 96
Lucida Sans Unicode, 5, 4, 96, 96
Lucida Sans Unicode, 6, 5, 96, 96
Lucida Sans Unicode, 7, 6, 96, 96
Lucida Sans Unicode, 8, 7, 96, 96
Lucida Sans Unicode, 9, 8, 96, 96
Lucida Sans Unicode, 10, 8, 96, 96
Lucida Sans Unicode, 11, 9, 96, 96
Lucida Sans Unicode, 12, 10, 96, 96
Lucida Sans Unicode, 13, 11, 96, 96
Lucida Sans Unicode, 14, 12, 96, 96
Lucida Sans Unicode, 15, 13, 96, 96
Lucida Sans Unicode, 16, 13, 96, 96
Lucida Sans Unicode, 17, 14, 96, 96
Lucida Sans Unicode, 18, 15, 96, 96
Lucida Sans Unicode, 19, 16, 96, 96
Lucida Sans Unicode, 20, 17, 96, 96
Lucida Sans Unicode, 21, 18, 96, 96
Lucida Sans Unicode, 22, 19, 96, 96
Lucida Sans Unicode, 23, 19, 96, 96
Lucida Sans Unicode, 24, 20, 96, 96
Lucida Sans Unicode, 25, 21, 96, 96
Malgun Gothic, 2, 1, 96, 96
Malgun Gothic, 3, 2, 96, 96
Malgun Gothic, 4, 3, 96, 96
Malgun Gothic, 5, 4, 96, 96
Malgun Gothic, 6, 4, 96, 96
Malgun Gothic, 7, 5, 96, 96
Malgun Gothic, 8, 6, 96, 96
Malgun Gothic, 9, 7, 96, 96
Malgun Gothic, 10, 7, 96, 96
Malgun Gothic, 11, 8, 96, 96
Malgun Gothic, 12, 9, 96, 96
Malgun Gothic, 13, 10, 96, 96
Malgun Gothic, 14, 10, 96, 96
Malgun Gothic, 15, 11, 96, 96
Malgun Gothic, 16, 12, 96, 96
Malgun Gothic, 17, 12, 96, 96
Malgun Gothic, 18, 13, 96, 96
Malgun Gothic, 19, 14, 96, 96
Malgun Gothic, 20, 15, 96, 96
Malgun Gothic, 21, 15, 96, 96
Malgun Gothic, 22, 16, 96, 96
Malgun Gothic, 23, 17, 96, 96
Malgun Gothic, 24, 18, 96, 96
Malgun Gothic, 25, 18, 96, 96
Malgun Gothic Semilight, 2, 1, 96, 96
Malgun Gothic Semilight, 3, 2, 96, 96
Malgun Gothic Semilight, 4, 3, 96, 96
Malgun Gothic Semilight, 5, 4, 96, 96
Malgun Gothic Semilight, 6, 4, 96, 96
Malgun Gothic Semilight, 7, 5, 96, 96
Malgun Gothic Semilight, 8, 6, 96, 96
Malgun Gothic Semilight, 9, 6, 96, 96
Malgun Gothic Semilight, 10, 7, 96, 96
Malgun Gothic Semilight, 11, 8, 96, 96
Malgun Gothic Semilight, 12, 9, 96, 96
Malgun Gothic Semilight, 13, 9, 96, 96
Malgun Gothic Semilight, 14, 10, 96, 96
Malgun Gothic Semilight, 15, 11, 96, 96
Malgun Gothic Semilight, 16, 11, 96, 96
Malgun Gothic Semilight, 17, 12, 96, 96
Malgun Gothic Semilight, 18, 13, 96, 96
Malgun Gothic Semilight, 19, 14, 96, 96
Malgun Gothic Semilight, 20, 14, 96, 96
Malgun Gothic Semilight, 21, 15, 96, 96
Malgun Gothic Semilight, 22, 16, 96, 96
Malgun Gothic Semilight, 23, 16, 96, 96
Malgun Gothic Semilight, 24, 17, 96, 96
Malgun Gothic Semilight, 25, 18, 96, 96
Marlett, 2, 3, 96, 96
Marlett, 3, 4, 96, 96
Marlett, 4, 5, 96, 96
Marlett, 5, 7, 96, 96
Marlett, 6, 8, 96, 96
Marlett, 7, 9, 96, 96
Marlett, 8, 11, 96, 96
Marlett, 9, 12, 96, 96
Marlett, 10, 13, 96, 96
Marlett, 11, 15, 96, 96
Marlett, 12, 16, 96, 96
Marlett, 13, 17, 96, 96
Marlett, 14, 19, 96, 96
Marlett, 15, 20, 96, 96
Marlett, 16, 21, 96, 96
Marlett, 17, 23, 96, 96
Marlett, 18, 24, 96, 96
Marlett, 19, 25, 96, 96
Marlett, 20, 27, 96, 96
Marlett, 21, 28, 96, 96
Marlett, 22, 29, 96, 96
Marlett, 23, 31, 96, 96
Marlett, 24, 32, 96, 96
Marlett, 25, 33, 96, 96
Microsoft Himalaya, 2, 1, 96, 96
Microsoft Himalaya, 3, 1, 96, 96
Microsoft Himalaya, 4, 2, 96, 96
Microsoft Himalaya, 5, 2, 96, 96
Microsoft Himalaya, 6, 3, 96, 96
Microsoft Himalaya, 7, 3, 96, 96
Microsoft Himalaya, 8, 4, 96, 96
Microsoft Himalaya, 9, 4, 96, 96
Microsoft Himalaya, 10, 4, 96, 96
Microsoft Himalaya, 11, 5, 96, 96
Microsoft Himalaya, 12, 5, 96, 96
Microsoft Himalaya, 13, 6, 96, 96
Microsoft Himalaya, 14, 6, 96, 96
Microsoft Himalaya, 15, 7, 96, 96
Microsoft Himalaya, 16, 7, 96, 96
Microsoft Himalaya, 17, 8, 96, 96
Microsoft Himalaya, 18, 8, 96, 96
Microsoft Himalaya, 19, 8, 96, 96
Microsoft Himalaya, 20, 9, 96, 96
Microsoft Himalaya, 21, 9, 96, 96
Microsoft Himalaya, 22, 10, 96, 96
Microsoft Himalaya, 23, 10, 96, 96
Microsoft Himalaya, 24, 11, 96, 96
Microsoft Himalaya, 25, 11, 96, 96
Microsoft JhengHei, 2, 2, 96, 96
Microsoft JhengHei, 3, 2, 96, 96
Microsoft JhengHei, 4, 3, 96, 96
Microsoft JhengHei, 5, 4, 96, 96
Microsoft JhengHei, 6, 5, 96, 96
Microsoft JhengHei, 7, 5, 96, 96
Microsoft JhengHei, 8, 6, 96, 96
Microsoft JhengHei, 9, 7, 96, 96
Microsoft JhengHei, 10, 8, 96, 96
Microsoft JhengHei, 11, 9, 96, 96
Microsoft JhengHei, 12, 9, 96, 96
Microsoft JhengHei, 13, 10, 96, 96
Microsoft JhengHei, 14, 11, 96, 96
Microsoft JhengHei, 15, 12, 96, 96
Microsoft JhengHei, 16, 12, 96, 96
Microsoft JhengHei, 17, 13, 96, 96
Microsoft JhengHei, 18, 14, 96, 96
Microsoft JhengHei, 19, 15, 96, 96
Microsoft JhengHei, 20, 15, 96, 96
Microsoft JhengHei, 21, 16, 96, 96
Microsoft JhengHei, 22, 17, 96, 96
Microsoft JhengHei, 23, 18, 96, 96
Microsoft JhengHei, 24, 19, 96, 96
Microsoft JhengHei, 25, 19, 96, 96
Microsoft JhengHei Light, 2, 1, 96, 96
Microsoft JhengHei Light, 3, 2, 96, 96
Microsoft JhengHei Light, 4, 3, 96, 96
Microsoft JhengHei Light, 5, 4, 96, 96
Microsoft JhengHei Light, 6, 4, 96, 96
Microsoft JhengHei Light, 7, 5, 96, 96
Microsoft JhengHei Light, 8, 6, 96, 96
Microsoft JhengHei Light, 9, 7, 96, 96
Microsoft JhengHei Light, 10, 7, 96, 96
Microsoft JhengHei Light, 11, 8, 96, 96
Microsoft JhengHei Light, 12, 9, 96, 96
Microsoft JhengHei Light, 13, 10, 96, 96
Microsoft JhengHei Light, 14, 10, 96, 96
Microsoft JhengHei Light, 15, 11, 96, 96
Microsoft JhengHei Light, 16, 12, 96, 96
Microsoft JhengHei Light, 17, 13, 96, 96
Microsoft JhengHei Light, 18, 13, 96, 96
Microsoft JhengHei Light, 19, 14, 96, 96
Microsoft JhengHei Light, 20, 15, 96, 96
Microsoft JhengHei Light, 21, 16, 96, 96
Microsoft JhengHei Light, 22, 16, 96, 96
Microsoft JhengHei Light, 23, 17, 96, 96
Microsoft JhengHei Light, 24, 18, 96, 96
Microsoft JhengHei Light, 25, 19, 96, 96
Microsoft JhengHei UI, 2, 2, 96, 96
Microsoft JhengHei UI, 3, 2, 96, 96
Microsoft JhengHei UI, 4, 3, 96, 96
Microsoft JhengHei UI, 5, 4, 96, 96
Microsoft JhengHei UI, 6, 5, 96, 96
Microsoft JhengHei UI, 7, 5, 96, 96
Microsoft JhengHei UI, 8, 6, 96, 96
Microsoft JhengHei UI, 9, 7, 96, 96
Microsoft JhengHei UI, 10, 8, 96, 96
Microsoft JhengHei UI, 11, 9, 96, 96
Microsoft JhengHei UI, 12, 9, 96, 96
Microsoft JhengHei UI, 13, 10, 96, 96
Microsoft JhengHei UI, 14, 11, 96, 96
Microsoft JhengHei UI, 15, 12, 96, 96
Microsoft JhengHei UI, 16, 12, 96, 96
Microsoft JhengHei UI, 17, 13, 96, 96
Microsoft JhengHei UI, 18, 14, 96, 96
Microsoft JhengHei UI, 19, 15, 96, 96
Microsoft JhengHei UI, 20, 15, 96, 96
Microsoft JhengHei UI, 21, 16, 96, 96
Microsoft JhengHei UI, 22, 17, 96, 96
Microsoft JhengHei UI, 23, 18, 96, 96
Microsoft JhengHei UI, 24, 19, 96, 96
Microsoft JhengHei UI, 25, 19, 96, 96
Microsoft JhengHei UI Light, 2, 1, 96, 96
Microsoft JhengHei UI Light, 3, 2, 96, 96
Microsoft JhengHei UI Light, 4, 3, 96, 96
Microsoft JhengHei UI Light, 5, 4, 96, 96
Microsoft JhengHei UI Light, 6, 4, 96, 96
Microsoft JhengHei UI Light, 7, 5, 96, 96
Microsoft JhengHei UI Light, 8, 6, 96, 96
Microsoft JhengHei UI Light, 9, 7, 96, 96
Microsoft JhengHei UI Light, 10, 7, 96, 96
Microsoft JhengHei UI Light, 11, 8, 96, 96
Microsoft JhengHei UI Light, 12, 9, 96, 96
Microsoft JhengHei UI Light, 13, 10, 96, 96
Microsoft JhengHei UI Light, 14, 10, 96, 96
Microsoft JhengHei UI Light, 15, 11, 96, 96
Microsoft JhengHei UI Light, 16, 12, 96, 96
Microsoft JhengHei UI Light, 17, 13, 96, 96
Microsoft JhengHei UI Light, 18, 13, 96, 96
Microsoft JhengHei UI Light, 19, 14, 96, 96
Microsoft JhengHei UI Light, 20, 15, 96, 96
Microsoft JhengHei UI Light, 21, 16, 96, 96
Microsoft JhengHei UI Light, 22, 16, 96, 96
Microsoft JhengHei UI Light, 23, 17, 96, 96
Microsoft JhengHei UI Light, 24, 18, 96, 96
Microsoft JhengHei UI Light, 25, 19, 96, 96
Microsoft New Tai Lue, 2, 1, 96, 96
Microsoft New Tai Lue, 3, 2, 96, 96
Microsoft New Tai Lue, 4, 3, 96, 96
Microsoft New Tai Lue, 5, 4, 96, 96
Microsoft New Tai Lue, 6, 4, 96, 96
Microsoft New Tai Lue, 7, 5, 96, 96
Microsoft New Tai Lue, 8, 6, 96, 96
Microsoft New Tai Lue, 9, 6, 96, 96
Microsoft New Tai Lue, 10, 7, 96, 96
Microsoft New Tai Lue, 11, 8, 96, 96
Microsoft New Tai Lue, 12, 9, 96, 96
Microsoft New Tai Lue, 13, 9, 96, 96
Microsoft New Tai Lue, 14, 10, 96, 96
Microsoft New Tai Lue, 15, 11, 96, 96
Microsoft New Tai Lue, 16, 11, 96, 96
Microsoft New Tai Lue, 17, 12, 96, 96
Microsoft New Tai Lue, 18, 13, 96, 96
Microsoft New Tai Lue, 19, 14, 96, 96
Microsoft New Tai Lue, 20, 14, 96, 96
Microsoft New Tai Lue, 21, 15, 96, 96
Microsoft New Tai Lue, 22, 16, 96, 96
Microsoft New Tai Lue, 23, 17, 96, 96
Microsoft New Tai Lue, 24, 17, 96, 96
Microsoft New Tai Lue, 25, 18, 96, 96
Microsoft PhagsPa, 2, 1, 96, 96
Microsoft PhagsPa, 3, 2, 96, 96
Microsoft PhagsPa, 4, 3, 96, 96
Microsoft PhagsPa, 5, 4, 96, 96
Microsoft PhagsPa, 6, 4, 96, 96
Microsoft PhagsPa, 7, 5, 96, 96
Microsoft PhagsPa, 8, 6, 96, 96
Microsoft PhagsPa, 9, 6, 96, 96
Microsoft PhagsPa, 10, 7, 96, 96
Microsoft PhagsPa, 11, 8, 96, 96
Microsoft PhagsPa, 12, 9, 96, 96
Microsoft PhagsPa, 13, 9, 96, 96
Microsoft PhagsPa, 14, 10, 96, 96
Microsoft PhagsPa, 15, 11, 96, 96
Microsoft PhagsPa, 16, 11, 96, 96
Microsoft PhagsPa, 17, 12, 96, 96
Microsoft PhagsPa, 18, 13, 96, 96
Microsoft PhagsPa, 19, 14, 96, 96
Microsoft PhagsPa, 20, 14, 96, 96
Microsoft PhagsPa, 21, 15, 96, 96
Microsoft PhagsPa, 22, 16, 96, 96
Microsoft PhagsPa, 23, 17, 96, 96
Microsoft PhagsPa, 24, 17, 96, 96
Microsoft PhagsPa, 25, 18, 96, 96
Microsoft Sans Serif, 2, 1, 96, 96
Microsoft Sans Serif, 3, 2, 96, 96
Microsoft Sans Serif, 4, 3, 96, 96
Microsoft Sans Serif, 5, 4, 96, 96
Microsoft Sans Serif, 6, 4, 96, 96
Microsoft Sans Serif, 7, 5, 96, 96
Microsoft Sans Serif, 8, 6, 96, 96
Microsoft Sans Serif, 9, 7, 96, 96
Microsoft Sans Serif, 10, 7, 96, 96
Microsoft Sans Serif, 11, 8, 96, 96
Microsoft Sans Serif, 12, 9, 96, 96
Microsoft Sans Serif, 13, 10, 96, 96
Microsoft Sans Serif, 14, 10, 96, 96
Microsoft Sans Serif, 15, 11, 96, 96
Microsoft Sans Serif, 16, 12, 96, 96
Microsoft Sans Serif, 17, 13, 96, 96
Microsoft Sans Serif, 18, 13, 96, 96
Microsoft Sans Serif, 19, 14, 96, 96
Microsoft Sans Serif, 20, 15, 96, 96
Microsoft Sans Serif, 21, 16, 96, 96
Microsoft Sans Serif, 22, 16, 96, 96
Microsoft Sans Serif, 23, 17, 96, 96
Microsoft Sans Serif, 24, 18, 96, 96
Microsoft Sans Serif, 25, 19, 96, 96
Microsoft Tai Le, 2, 1, 96, 96
Microsoft Tai Le, 3, 2, 96, 96
Microsoft Tai Le, 4, 3, 96, 96
Microsoft Tai Le, 5, 4, 96, 96
Microsoft Tai Le, 6, 4, 96, 96
Microsoft Tai Le, 7, 5, 96, 96
Microsoft Tai Le, 8, 6, 96, 96
Microsoft Tai Le, 9, 6, 96, 96
Microsoft Tai Le, 10, 7, 96, 96
Microsoft Tai Le, 11, 8, 96, 96
Microsoft Tai Le, 12, 9, 96, 96
Microsoft Tai Le, 13, 9, 96, 96
Microsoft Tai Le, 14, 10, 96, 96
Microsoft Tai Le, 15, 11, 96, 96
Microsoft Tai Le, 16, 11, 96, 96
Microsoft Tai Le, 17, 12, 96, 96
Microsoft Tai Le, 18, 13, 96, 96
Microsoft Tai Le, 19, 14, 96, 96
Microsoft Tai Le, 20, 14, 96, 96
Microsoft Tai Le, 21, 15, 96, 96
Microsoft Tai Le, 22, 16, 96, 96
Microsoft Tai Le, 23, 17, 96, 96
Microsoft Tai Le, 24, 17, 96, 96
Microsoft Tai Le, 25, 18, 96, 96
Microsoft YaHei, 2, 2, 96, 96
Microsoft YaHei, 3, 2, 96, 96
Microsoft YaHei, 4, 3, 96, 96
Microsoft YaHei, 5, 4, 96, 96
Microsoft YaHei, 6, 5, 96, 96
Microsoft YaHei, 7, 5, 96, 96
Microsoft YaHei, 8, 6, 96, 96
Microsoft YaHei, 9, 7, 96, 96
Microsoft YaHei, 10, 8, 96, 96
Microsoft YaHei, 11, 9, 96, 96
Microsoft YaHei, 12, 9, 96, 96
Microsoft YaHei, 13, 10, 96, 96
Microsoft YaHei, 14, 11, 96, 96
Microsoft YaHei, 15, 12, 96, 96
Microsoft YaHei, 16, 13, 96, 96
Microsoft YaHei, 17, 13, 96, 96
Microsoft YaHei, 18, 14, 96, 96
Microsoft YaHei, 19, 15, 96, 96
Microsoft YaHei, 20, 16, 96, 96
Microsoft YaHei, 21, 16, 96, 96
Microsoft YaHei, 22, 17, 96, 96
Microsoft YaHei, 23, 18, 96, 96
Microsoft YaHei, 24, 19, 96, 96
Microsoft YaHei, 25, 20, 96, 96
Microsoft YaHei Light, 2, 1, 96, 96
Microsoft YaHei Light, 3, 2, 96, 96
Microsoft YaHei Light, 4, 3, 96, 96
Microsoft YaHei Light, 5, 4, 96, 96
Microsoft YaHei Light, 6, 4, 96, 96
Microsoft YaHei Light, 7, 5, 96, 96
Microsoft YaHei Light, 8, 6, 96, 96
Microsoft YaHei Light, 9, 7, 96, 96
Microsoft YaHei Light, 10, 7, 96, 96
Microsoft YaHei Light, 11, 8, 96, 96
Microsoft YaHei Light, 12, 9, 96, 96
Microsoft YaHei Light, 13, 10, 96, 96
Microsoft YaHei Light, 14, 10, 96, 96
Microsoft YaHei Light, 15, 11, 96, 96
Microsoft YaHei Light, 16, 12, 96, 96
Microsoft YaHei Light, 17, 13, 96, 96
Microsoft YaHei Light, 18, 13, 96, 96
Microsoft YaHei Light, 19, 14, 96, 96
Microsoft YaHei Light, 20, 15, 96, 96
Microsoft YaHei Light, 21, 16, 96, 96
Microsoft YaHei Light, 22, 16, 96, 96
Microsoft YaHei Light, 23, 17, 96, 96
Microsoft YaHei Light, 24, 18, 96, 96
Microsoft YaHei Light, 25, 19, 96, 96
Microsoft YaHei UI, 2, 2, 96, 96
Microsoft YaHei UI, 3, 2, 96, 96
Microsoft YaHei UI, 4, 3, 96, 96
Microsoft YaHei UI, 5, 4, 96, 96
Microsoft YaHei UI, 6, 5, 96, 96
Microsoft YaHei UI, 7, 5, 96, 96
Microsoft YaHei UI, 8, 6, 96, 96
Microsoft YaHei UI, 9, 7, 96, 96
Microsoft YaHei UI, 10, 8, 96, 96
Microsoft YaHei UI, 11, 9, 96, 96
Microsoft YaHei UI, 12, 9, 96, 96
Microsoft YaHei UI, 13, 10, 96, 96
Microsoft YaHei UI, 14, 11, 96, 96
Microsoft YaHei UI, 15, 12, 96, 96
Microsoft YaHei UI, 16, 13, 96, 96
Microsoft YaHei UI, 17, 13, 96, 96
Microsoft YaHei UI, 18, 14, 96, 96
Microsoft YaHei UI, 19, 15, 96, 96
Microsoft YaHei UI, 20, 16, 96, 96
Microsoft YaHei UI, 21, 16, 96, 96
Microsoft YaHei UI, 22, 17, 96, 96
Microsoft YaHei UI, 23, 18, 96, 96
Microsoft YaHei UI, 24, 19, 96, 96
Microsoft YaHei UI, 25, 20, 96, 96
Microsoft YaHei UI Light, 2, 1, 96, 96
Microsoft YaHei UI Light, 3, 2, 96, 96
Microsoft YaHei UI Light, 4, 3, 96, 96
Microsoft YaHei UI Light, 5, 4, 96, 96
Microsoft YaHei UI Light, 6, 4, 96, 96
Microsoft YaHei UI Light, 7, 5, 96, 96
Microsoft YaHei UI Light, 8, 6, 96, 96
Microsoft YaHei UI Light, 9, 7, 96, 96
Microsoft YaHei UI Light, 10, 7, 96, 96
Microsoft YaHei UI Light, 11, 8, 96, 96
Microsoft YaHei UI Light, 12, 9, 96, 96
Microsoft YaHei UI Light, 13, 10, 96, 96
Microsoft YaHei UI Light, 14, 10, 96, 96
Microsoft YaHei UI Light, 15, 11, 96, 96
Microsoft YaHei UI Light, 16, 12, 96, 96
Microsoft YaHei UI Light, 17, 13, 96, 96
Microsoft YaHei UI Light, 18, 13, 96, 96
Microsoft YaHei UI Light, 19, 14, 96, 96
Microsoft YaHei UI Light, 20, 15, 96, 96
Microsoft YaHei UI Light, 21, 16, 96, 96
Microsoft YaHei UI Light, 22, 16, 96, 96
Microsoft YaHei UI Light, 23, 17, 96, 96
Microsoft YaHei UI Light, 24, 18, 96, 96
Microsoft YaHei UI Light, 25, 19, 96, 96
Microsoft Yi Baiti, 2, 1, 96, 96
Microsoft Yi Baiti, 3, 2, 96, 96
Microsoft Yi Baiti, 4, 3, 96, 96
Microsoft Yi Baiti, 5, 3, 96, 96
Microsoft Yi Baiti, 6, 4, 96, 96
Microsoft Yi Baiti, 7, 5, 96, 96
Microsoft Yi Baiti, 8, 5, 96, 96
Microsoft Yi Baiti, 9, 6, 96, 96
Microsoft Yi Baiti, 10, 7, 96, 96
Microsoft Yi Baiti, 11, 8, 96, 96
Microsoft Yi Baiti, 12, 8, 96, 96
Microsoft Yi Baiti, 13, 9, 96, 96
Microsoft Yi Baiti, 14, 10, 96, 96
Microsoft Yi Baiti, 15, 10, 96, 96
Microsoft Yi Baiti, 16, 11, 96, 96
Microsoft Yi Baiti, 17, 12, 96, 96
Microsoft Yi Baiti, 18, 12, 96, 96
Microsoft Yi Baiti, 19, 13, 96, 96
Microsoft Yi Baiti, 20, 14, 96, 96
Microsoft Yi Baiti, 21, 14, 96, 96
Microsoft Yi Baiti, 22, 15, 96, 96
Microsoft Yi Baiti, 23, 16, 96, 96
Microsoft Yi Baiti, 24, 16, 96, 96
Microsoft Yi Baiti, 25, 17, 96, 96
MingLiU-ExtB, 2, 1, 96, 96
MingLiU-ExtB, 3, 2, 96, 96
MingLiU-ExtB, 4, 3, 96, 96
MingLiU-ExtB, 5, 3, 96, 96
MingLiU-ExtB, 6, 4, 96, 96
MingLiU-ExtB, 7, 5, 96, 96
MingLiU-ExtB, 8, 5, 96, 96
MingLiU-ExtB, 9, 6, 96, 96
MingLiU-ExtB, 10, 7, 96, 96
MingLiU-ExtB, 11, 7, 96, 96
MingLiU-ExtB, 12, 8, 96, 96
MingLiU-ExtB, 13, 9, 96, 96
MingLiU-ExtB, 14, 9, 96, 96
MingLiU-ExtB, 15, 10, 96, 96
MingLiU-ExtB, 16, 11, 96, 96
MingLiU-ExtB, 17, 11, 96, 96
MingLiU-ExtB, 18, 12, 96, 96
MingLiU-ExtB, 19, 13, 96, 96
MingLiU-ExtB, 20, 13, 96, 96
MingLiU-ExtB, 21, 14, 96, 96
MingLiU-ExtB, 22, 15, 96, 96
MingLiU-ExtB, 23, 15, 96, 96
MingLiU-ExtB, 24, 16, 96, 96
MingLiU-ExtB, 25, 17, 96, 96
MingLiU_HKSCS-ExtB, 2, 1, 96, 96
MingLiU_HKSCS-ExtB, 3, 2, 96, 96
MingLiU_HKSCS-ExtB, 4, 3, 96, 96
MingLiU_HKSCS-ExtB, 5, 3, 96, 96
MingLiU_HKSCS-ExtB, 6, 4, 96, 96
MingLiU_HKSCS-ExtB, 7, 5, 96, 96
MingLiU_HKSCS-ExtB, 8, 5, 96, 96
MingLiU_HKSCS-ExtB, 9, 6, 96, 96
MingLiU_HKSCS-ExtB, 10, 7, 96, 96
MingLiU_HKSCS-ExtB, 11, 7, 96, 96
MingLiU_HKSCS-ExtB, 12, 8, 96, 96
MingLiU_HKSCS-ExtB, 13, 9, 96, 96
MingLiU_HKSCS-ExtB, 14, 9, 96, 96
MingLiU_HKSCS-ExtB, 15, 10, 96, 96
MingLiU_HKSCS-ExtB, 16, 11, 96, 96
MingLiU_HKSCS-ExtB, 17, 11, 96, 96
MingLiU_HKSCS-ExtB, 18, 12, 96, 96
MingLiU_HKSCS-ExtB, 19, 13, 96, 96
MingLiU_HKSCS-ExtB, 20, 13, 96, 96
MingLiU_HKSCS-ExtB, 21, 14, 96, 96
MingLiU_HKSCS-ExtB, 22, 15, 96, 96
MingLiU_HKSCS-ExtB, 23, 15, 96, 96
MingLiU_HKSCS-ExtB, 24, 16, 96, 96
MingLiU_HKSCS-ExtB, 25, 17, 96, 96
Mongolian Baiti, 2, 1, 96, 96
Mongolian Baiti, 3, 2, 96, 96
Mongolian Baiti, 4, 3, 96, 96
Mongolian Baiti, 5, 3, 96, 96
Mongolian Baiti, 6, 4, 96, 96
Mongolian Baiti, 7, 5, 96, 96
Mongolian Baiti, 8, 5, 96, 96
Mongolian Baiti, 9, 6, 96, 96
Mongolian Baiti, 10, 7, 96, 96
Mongolian Baiti, 11, 7, 96, 96
Mongolian Baiti, 12, 8, 96, 96
Mongolian Baiti, 13, 9, 96, 96
Mongolian Baiti, 14, 9, 96, 96
Mongolian Baiti, 15, 10, 96, 96
Mongolian Baiti, 16, 11, 96, 96
Mongolian Baiti, 17, 11, 96, 96
Mongolian Baiti, 18, 12, 96, 96
Mongolian Baiti, 19, 13, 96, 96
Mongolian Baiti, 20, 13, 96, 96
Mongolian Baiti, 21, 14, 96, 96
Mongolian Baiti, 22, 15, 96, 96
Mongolian Baiti, 23, 15, 96, 96
Mongolian Baiti, 24, 16, 96, 96
Mongolian Baiti, 25, 17, 96, 96
MS Gothic, 2, 1, 96, 96
MS Gothic, 3, 2, 96, 96
MS Gothic, 4, 3, 96, 96
MS Gothic, 5, 3, 96, 96
MS Gothic, 6, 4, 96, 96
MS Gothic, 7, 5, 96, 96
MS Gothic, 8, 5, 96, 96
MS Gothic, 9, 6, 96, 96
MS Gothic, 10, 7, 96, 96
MS Gothic, 11, 7, 96, 96
MS Gothic, 12, 8, 96, 96
MS Gothic, 13, 9, 96, 96
MS Gothic, 14, 9, 96, 96
MS Gothic, 15, 10, 96, 96
MS Gothic, 16, 11, 96, 96
MS Gothic, 17, 11, 96, 96
MS Gothic, 18, 12, 96, 96
MS Gothic, 19, 13, 96, 96
MS Gothic, 20, 13, 96, 96
MS Gothic, 21, 14, 96, 96
MS Gothic, 22, 15, 96, 96
MS Gothic, 23, 15, 96, 96
MS Gothic, 24, 16, 96, 96
MS Gothic, 25, 17, 96, 96
MS PGothic, 2, 1, 96, 96
MS PGothic, 3, 2, 96, 96
MS PGothic, 4, 3, 96, 96
MS PGothic, 5, 3, 96, 96
MS PGothic, 6, 4, 96, 96
MS PGothic, 7, 5, 96, 96
MS PGothic, 8, 5, 96, 96
MS PGothic, 9, 6, 96, 96
MS PGothic, 10, 7, 96, 96
MS PGothic, 11, 7, 96, 96
MS PGothic, 12, 8, 96, 96
MS PGothic, 13, 9, 96, 96
MS PGothic, 14, 9, 96, 96
MS PGothic, 15, 10, 96, 96
MS PGothic, 16, 11, 96, 96
MS PGothic, 17, 11, 96, 96
MS PGothic, 18, 12, 96, 96
MS PGothic, 19, 13, 96, 96
MS PGothic, 20, 13, 96, 96
MS PGothic, 21, 14, 96, 96
MS PGothic, 22, 15, 96, 96
MS PGothic, 23, 15, 96, 96
MS PGothic, 24, 16, 96, 96
MS PGothic, 25, 17, 96, 96
MS UI Gothic, 2, 1, 96, 96
MS UI Gothic, 3, 2, 96, 96
MS UI Gothic, 4, 3, 96, 96
MS UI Gothic, 5, 3, 96, 96
MS UI Gothic, 6, 4, 96, 96
MS UI Gothic, 7, 5, 96, 96
MS UI Gothic, 8, 5, 96, 96
MS UI Gothic, 9, 6, 96, 96
MS UI Gothic, 10, 7, 96, 96
MS UI Gothic, 11, 7, 96, 96
MS UI Gothic, 12, 8, 96, 96
MS UI Gothic, 13, 9, 96, 96
MS UI Gothic, 14, 9, 96, 96
MS UI Gothic, 15, 10, 96, 96
MS UI Gothic, 16, 11, 96, 96
MS UI Gothic, 17, 11, 96, 96
MS UI Gothic, 18, 12, 96, 96
MS UI Gothic, 19, 13, 96, 96
MS UI Gothic, 20, 13, 96, 96
MS UI Gothic, 21, 14, 96, 96
MS UI Gothic, 22, 15, 96, 96
MS UI Gothic, 23, 15, 96, 96
MS UI Gothic, 24, 16, 96, 96
MS UI Gothic, 25, 17, 96, 96
MV Boli, 2, 2, 96, 96
MV Boli, 3, 3, 96, 96
MV Boli, 4, 4, 96, 96
MV Boli, 5, 5, 96, 96
MV Boli, 6, 6, 96, 96
MV Boli, 7, 7, 96, 96
MV Boli, 8, 7, 96, 96
MV Boli, 9, 8, 96, 96
MV Boli, 10, 9, 96, 96
MV Boli, 11, 10, 96, 96
MV Boli, 12, 11, 96, 96
MV Boli, 13, 12, 96, 96
MV Boli, 14, 13, 96, 96
MV Boli, 15, 14, 96, 96
MV Boli, 16, 15, 96, 96
MV Boli, 17, 16, 96, 96
MV Boli, 18, 17, 96, 96
MV Boli, 19, 18, 96, 96
MV Boli, 20, 19, 96, 96
MV Boli, 21, 20, 96, 96
MV Boli, 22, 21, 96, 96
MV Boli, 23, 22, 96, 96
MV Boli, 24, 22, 96, 96
MV Boli, 25, 23, 96, 96
Myanmar Text, 2, 1, 96, 96
Myanmar Text, 3, 2, 96, 96
Myanmar Text, 4, 3, 96, 96
Myanmar Text, 5, 4, 96, 96
Myanmar Text, 6, 4, 96, 96
Myanmar Text, 7, 5, 96, 96
Myanmar Text, 8, 6, 96, 96
Myanmar Text, 9, 6, 96, 96
Myanmar Text, 10, 7, 96, 96
Myanmar Text, 11, 8, 96, 96
Myanmar Text, 12, 9, 96, 96
Myanmar Text, 13, 9, 96, 96
Myanmar Text, 14, 10, 96, 96
Myanmar Text, 15, 11, 96, 96
Myanmar Text, 16, 11, 96, 96
Myanmar Text, 17, 12, 96, 96
Myanmar Text, 18, 13, 96, 96
Myanmar Text, 19, 14, 96, 96
Myanmar Text, 20, 14, 96, 96
Myanmar Text, 21, 15, 96, 96
Myanmar Text, 22, 16, 96, 96
Myanmar Text, 23, 17, 96, 96
Myanmar Text, 24, 17, 96, 96
Myanmar Text, 25, 18, 96, 96
Nirmala UI, 2, 1, 96, 96
Nirmala UI, 3, 2, 96, 96
Nirmala UI, 4, 3, 96, 96
Nirmala UI, 5, 4, 96, 96
Nirmala UI, 6, 4, 96, 96
Nirmala UI, 7, 5, 96, 96
Nirmala UI, 8, 6, 96, 96
Nirmala UI, 9, 6, 96, 96
Nirmala UI, 10, 7, 96, 96
Nirmala UI, 11, 8, 96, 96
Nirmala UI, 12, 9, 96, 96
Nirmala UI, 13, 9, 96, 96
Nirmala UI, 14, 10, 96, 96
Nirmala UI, 15, 11, 96, 96
Nirmala UI, 16, 11, 96, 96
Nirmala UI, 17, 12, 96, 96
Nirmala UI, 18, 13, 96, 96
Nirmala UI, 19, 14, 96, 96
Nirmala UI, 20, 14, 96, 96
Nirmala UI, 21, 15, 96, 96
Nirmala UI, 22, 16, 96, 96
Nirmala UI, 23, 17, 96, 96
Nirmala UI, 24, 17, 96, 96
Nirmala UI, 25, 18, 96, 96
Nirmala UI Semilight, 2, 1, 96, 96
Nirmala UI Semilight, 3, 2, 96, 96
Nirmala UI Semilight, 4, 3, 96, 96
Nirmala UI Semilight, 5, 4, 96, 96
Nirmala UI Semilight, 6, 4, 96, 96
Nirmala UI Semilight, 7, 5, 96, 96
Nirmala UI Semilight, 8, 6, 96, 96
Nirmala UI Semilight, 9, 6, 96, 96
Nirmala UI Semilight, 10, 7, 96, 96
Nirmala UI Semilight, 11, 8, 96, 96
Nirmala UI Semilight, 12, 8, 96, 96
Nirmala UI Semilight, 13, 9, 96, 96
Nirmala UI Semilight, 14, 10, 96, 96
Nirmala UI Semilight, 15, 11, 96, 96
Nirmala UI Semilight, 16, 11, 96, 96
Nirmala UI Semilight, 17, 12, 96, 96
Nirmala UI Semilight, 18, 13, 96, 96
Nirmala UI Semilight, 19, 13, 96, 96
Nirmala UI Semilight, 20, 14, 96, 96
Nirmala UI Semilight, 21, 15, 96, 96
Nirmala UI Semilight, 22, 15, 96, 96
Nirmala UI Semilight, 23, 16, 96, 96
Nirmala UI Semilight, 24, 17, 96, 96
Nirmala UI Semilight, 25, 18, 96, 96
NSimSun, 2, 1, 96, 96
NSimSun, 3, 2, 96, 96
NSimSun, 4, 3, 96, 96
NSimSun, 5, 3, 96, 96
NSimSun, 6, 4, 96, 96
NSimSun, 7, 5, 96, 96
NSimSun, 8, 5, 96, 96
NSimSun, 9, 6, 96, 96
NSimSun, 10, 7, 96, 96
NSimSun, 11, 7, 96, 96
NSimSun, 12, 8, 96, 96
NSimSun, 13, 9, 96, 96
NSimSun, 14, 9, 96, 96
NSimSun, 15, 10, 96, 96
NSimSun, 16, 11, 96, 96
NSimSun, 17, 11, 96, 96
NSimSun, 18, 12, 96, 96
NSimSun, 19, 13, 96, 96
NSimSun, 20, 13, 96, 96
NSimSun, 21, 14, 96, 96
NSimSun, 22, 15, 96, 96
NSimSun, 23, 15, 96, 96
NSimSun, 24, 16, 96, 96
NSimSun, 25, 17, 96, 96
Palatino Linotype, 2, 1, 96, 96
Palatino Linotype, 3, 2, 96, 96
Palatino Linotype, 4, 3, 96, 96
Palatino Linotype, 5, 3, 96, 96
Palatino Linotype, 6, 4, 96, 96
Palatino Linotype, 7, 5, 96, 96
Palatino Linotype, 8, 5, 96, 96
Palatino Linotype, 9, 6, 96, 96
Palatino Linotype, 10, 7, 96, 96
Palatino Linotype, 11, 7, 96, 96
Palatino Linotype, 12, 8, 96, 96
Palatino Linotype, 13, 9, 96, 96
Palatino Linotype, 14, 9, 96, 96
Palatino Linotype, 15, 10, 96, 96
Palatino Linotype, 16, 11, 96, 96
Palatino Linotype, 17, 11, 96, 96
Palatino Linotype, 18, 12, 96, 96
Palatino Linotype, 19, 13, 96, 96
Palatino Linotype, 20, 13, 96, 96
Palatino Linotype, 21, 14, 96, 96
Palatino Linotype, 22, 15, 96, 96
Palatino Linotype, 23, 15, 96, 96
Palatino Linotype, 24, 16, 96, 96
Palatino Linotype, 25, 17, 96, 96
PMingLiU-ExtB, 2, 1, 96, 96
PMingLiU-ExtB, 3, 2, 96, 96
PMingLiU-ExtB, 4, 3, 96, 96
PMingLiU-ExtB, 5, 3, 96, 96
PMingLiU-ExtB, 6, 4, 96, 96
PMingLiU-ExtB, 7, 4, 96, 96
PMingLiU-ExtB, 8, 5, 96, 96
PMingLiU-ExtB, 9, 6, 96, 96
PMingLiU-ExtB, 10, 6, 96, 96
PMingLiU-ExtB, 11, 7, 96, 96
PMingLiU-ExtB, 12, 8, 96, 96
PMingLiU-ExtB, 13, 8, 96, 96
PMingLiU-ExtB, 14, 9, 96, 96
PMingLiU-ExtB, 15, 9, 96, 96
PMingLiU-ExtB, 16, 10, 96, 96
PMingLiU-ExtB, 17, 11, 96, 96
PMingLiU-ExtB, 18, 11, 96, 96
PMingLiU-ExtB, 19, 12, 96, 96
PMingLiU-ExtB, 20, 13, 96, 96
PMingLiU-ExtB, 21, 13, 96, 96
PMingLiU-ExtB, 22, 14, 96, 96
PMingLiU-ExtB, 23, 14, 96, 96
PMingLiU-ExtB, 24, 15, 96, 96
PMingLiU-ExtB, 25, 16, 96, 96
Segoe MDL2 Assets, 2, 2, 96, 96
Segoe MDL2 Assets, 3, 3, 96, 96
Segoe MDL2 Assets, 4, 3, 96, 96
Segoe MDL2 Assets, 5, 4, 96, 96
Segoe MDL2 Assets, 6, 5, 96, 96
Segoe MDL2 Assets, 7, 6, 96, 96
Segoe MDL2 Assets, 8, 7, 96, 96
Segoe MDL2 Assets, 9, 8, 96, 96
Segoe MDL2 Assets, 10, 9, 96, 96
Segoe MDL2 Assets, 11, 9, 96, 96
Segoe MDL2 Assets, 12, 10, 96, 96
Segoe MDL2 Assets, 13, 11, 96, 96
Segoe MDL2 Assets, 14, 12, 96, 96
Segoe MDL2 Assets, 15, 13, 96, 96
Segoe MDL2 Assets, 16, 14, 96, 96
Segoe MDL2 Assets, 17, 15, 96, 96
Segoe MDL2 Assets, 18, 15, 96, 96
Segoe MDL2 Assets, 19, 16, 96, 96
Segoe MDL2 Assets, 20, 17, 96, 96
Segoe MDL2 Assets, 21, 18, 96, 96
Segoe MDL2 Assets, 22, 19, 96, 96
Segoe MDL2 Assets, 23, 20, 96, 96
Segoe MDL2 Assets, 24, 21, 96, 96
Segoe MDL2 Assets, 25, 22, 96, 96
Segoe Print, 2, 2, 96, 96
Segoe Print, 3, 3, 96, 96
Segoe Print, 4, 4, 96, 96
Segoe Print, 5, 5, 96, 96
Segoe Print, 6, 6, 96, 96
Segoe Print, 7, 7, 96, 96
Segoe Print, 8, 8, 96, 96
Segoe Print, 9, 9, 96, 96
Segoe Print, 10, 10, 96, 96
Segoe Print, 11, 11, 96, 96
Segoe Print, 12, 12, 96, 96
Segoe Print, 13, 13, 96, 96
Segoe Print, 14, 14, 96, 96
Segoe Print, 15, 15, 96, 96
Segoe Print, 16, 16, 96, 96
Segoe Print, 17, 17, 96, 96
Segoe Print, 18, 18, 96, 96
Segoe Print, 19, 19, 96, 96
Segoe Print, 20, 19, 96, 96
Segoe Print, 21, 20, 96, 96
Segoe Print, 22, 21, 96, 96
Segoe Print, 23, 22, 96, 96
Segoe Print, 24, 23, 96, 96
Segoe Print, 25, 24, 96, 96
Segoe Script, 2, 2, 96, 96
Segoe Script, 3, 3, 96, 96
Segoe Script, 4, 4, 96, 96
Segoe Script, 5, 5, 96, 96
Segoe Script, 6, 6, 96, 96
Segoe Script, 7, 7, 96, 96
Segoe Script, 8, 8, 96, 96
Segoe Script, 9, 9, 96, 96
Segoe Script, 10, 10, 96, 96
Segoe Script, 11, 11, 96, 96
Segoe Script, 12, 12, 96, 96
Segoe Script, 13, 13, 96, 96
Segoe Script, 14, 14, 96, 96
Segoe Script, 15, 15, 96, 96
Segoe Script, 16, 16, 96, 96
Segoe Script, 17, 17, 96, 96
Segoe Script, 18, 18, 96, 96
Segoe Script, 19, 19, 96, 96
Segoe Script, 20, 19, 96, 96
Segoe Script, 21, 20, 96, 96
Segoe Script, 22, 21, 96, 96
Segoe Script, 23, 22, 96, 96
Segoe Script, 24, 23, 96, 96
Segoe Script, 25, 24, 96, 96
Segoe UI, 2, 1, 96, 96
Segoe UI, 3, 2, 96, 96
Segoe UI, 4, 3, 96, 96
Segoe UI, 5, 4, 96, 96
Segoe UI, 6, 4, 96, 96
Segoe UI, 7, 5, 96, 96
Segoe UI, 8, 6, 96, 96
Segoe UI, 9, 6, 96, 96
Segoe UI, 10, 7, 96, 96
Segoe UI, 11, 8, 96, 96
Segoe UI, 12, 9, 96, 96
Segoe UI, 13, 9, 96, 96
Segoe UI, 14, 10, 96, 96
Segoe UI, 15, 11, 96, 96
Segoe UI, 16, 11, 96, 96
Segoe UI, 17, 12, 96, 96
Segoe UI, 18, 13, 96, 96
Segoe UI, 19, 14, 96, 96
Segoe UI, 20, 14, 96, 96
Segoe UI, 21, 15, 96, 96
Segoe UI, 22, 16, 96, 96
Segoe UI, 23, 17, 96, 96
Segoe UI, 24, 17, 96, 96
Segoe UI, 25, 18, 96, 96
Segoe UI Black, 2, 2, 96, 96
Segoe UI Black, 3, 2, 96, 96
Segoe UI Black, 4, 3, 96, 96
Segoe UI Black, 5, 4, 96, 96
Segoe UI Black, 6, 5, 96, 96
Segoe UI Black, 7, 6, 96, 96
Segoe UI Black, 8, 6, 96, 96
Segoe UI Black, 9, 7, 96, 96
Segoe UI Black, 10, 8, 96, 96
Segoe UI Black, 11, 9, 96, 96
Segoe UI Black, 12, 10, 96, 96
Segoe UI Black, 13, 10, 96, 96
Segoe UI Black, 14, 11, 96, 96
Segoe UI Black, 15, 12, 96, 96
Segoe UI Black, 16, 13, 96, 96
Segoe UI Black, 17, 14, 96, 96
Segoe UI Black, 18, 14, 96, 96
Segoe UI Black, 19, 15, 96, 96
Segoe UI Black, 20, 16, 96, 96
Segoe UI Black, 21, 17, 96, 96
Segoe UI Black, 22, 18, 96, 96
Segoe UI Black, 23, 18, 96, 96
Segoe UI Black, 24, 19, 96, 96
Segoe UI Black, 25, 20, 96, 96
Segoe UI Emoji, 2, 1, 96, 96
Segoe UI Emoji, 3, 2, 96, 96
Segoe UI Emoji, 4, 3, 96, 96
Segoe UI Emoji, 5, 4, 96, 96
Segoe UI Emoji, 6, 4, 96, 96
Segoe UI Emoji, 7, 5, 96, 96
Segoe UI Emoji, 8, 6, 96, 96
Segoe UI Emoji, 9, 6, 96, 96
Segoe UI Emoji, 10, 7, 96, 96
Segoe UI Emoji, 11, 8, 96, 96
Segoe UI Emoji, 12, 9, 96, 96
Segoe UI Emoji, 13, 9, 96, 96
Segoe UI Emoji, 14, 10, 96, 96
Segoe UI Emoji, 15, 11, 96, 96
Segoe UI Emoji, 16, 11, 96, 96
Segoe UI Emoji, 17, 12, 96, 96
Segoe UI Emoji, 18, 13, 96, 96
Segoe UI Emoji, 19, 14, 96, 96
Segoe UI Emoji, 20, 14, 96, 96
Segoe UI Emoji, 21, 15, 96, 96
Segoe UI Emoji, 22, 16, 96, 96
Segoe UI Emoji, 23, 17, 96, 96
Segoe UI Emoji, 24, 17, 96, 96
Segoe UI Emoji, 25, 18, 96, 96
Segoe UI Historic, 2, 1, 96, 96
Segoe UI Historic, 3, 2, 96, 96
Segoe UI Historic, 4, 3, 96, 96
Segoe UI Historic, 5, 4, 96, 96
Segoe UI Historic, 6, 4, 96, 96
Segoe UI Historic, 7, 5, 96, 96
Segoe UI Historic, 8, 6, 96, 96
Segoe UI Historic, 9, 6, 96, 96
Segoe UI Historic, 10, 7, 96, 96
Segoe UI Historic, 11, 8, 96, 96
Segoe UI Historic, 12, 9, 96, 96
Segoe UI Historic, 13, 9, 96, 96
Segoe UI Historic, 14, 10, 96, 96
Segoe UI Historic, 15, 11, 96, 96
Segoe UI Historic, 16, 11, 96, 96
Segoe UI Historic, 17, 12, 96, 96
Segoe UI Historic, 18, 13, 96, 96
Segoe UI Historic, 19, 14, 96, 96
Segoe UI Historic, 20, 14, 96, 96
Segoe UI Historic, 21, 15, 96, 96
Segoe UI Historic, 22, 16, 96, 96
Segoe UI Historic, 23, 17, 96, 96
Segoe UI Historic, 24, 17, 96, 96
Segoe UI Historic, 25, 18, 96, 96
Segoe UI Light, 2, 1, 96, 96
Segoe UI Light, 3, 2, 96, 96
Segoe UI Light, 4, 3, 96, 96
Segoe UI Light, 5, 3, 96, 96
Segoe UI Light, 6, 4, 96, 96
Segoe UI Light, 7, 5, 96, 96
Segoe UI Light, 8, 5, 96, 96
Segoe UI Light, 9, 6, 96, 96
Segoe UI Light, 10, 7, 96, 96
Segoe UI Light, 11, 8, 96, 96
Segoe UI Light, 12, 8, 96, 96
Segoe UI Light, 13, 9, 96, 96
Segoe UI Light, 14, 10, 96, 96
Segoe UI Light, 15, 10, 96, 96
Segoe UI Light, 16, 11, 96, 96
Segoe UI Light, 17, 12, 96, 96
Segoe UI Light, 18, 12, 96, 96
Segoe UI Light, 19, 13, 96, 96
Segoe UI Light, 20, 14, 96, 96
Segoe UI Light, 21, 14, 96, 96
Segoe UI Light, 22, 15, 96, 96
Segoe UI Light, 23, 16, 96, 96
Segoe UI Light, 24, 16, 96, 96
Segoe UI Light, 25, 17, 96, 96
Segoe UI Semibold, 2, 1, 96, 96
Segoe UI Semibold, 3, 2, 96, 96
Segoe UI Semibold, 4, 3, 96, 96
Segoe UI Semibold, 5, 4, 96, 96
Segoe UI Semibold, 6, 4, 96, 96
Segoe UI Semibold, 7, 5, 96, 96
Segoe UI Semibold, 8, 6, 96, 96
Segoe UI Semibold, 9, 7, 96, 96
Segoe UI Semibold, 10, 7, 96, 96
Segoe UI Semibold, 11, 8, 96, 96
Segoe UI Semibold, 12, 9, 96, 96
Segoe UI Semibold, 13, 10, 96, 96
Segoe UI Semibold, 14, 10, 96, 96
Segoe UI Semibold, 15, 11, 96, 96
Segoe UI Semibold, 16, 12, 96, 96
Segoe UI Semibold, 17, 13, 96, 96
Segoe UI Semibold, 18, 13, 96, 96
Segoe UI Semibold, 19, 14, 96, 96
Segoe UI Semibold, 20, 15, 96, 96
Segoe UI Semibold, 21, 16, 96, 96
Segoe UI Semibold, 22, 16, 96, 96
Segoe UI Semibold, 23, 17, 96, 96
Segoe UI Semibold, 24, 18, 96, 96
Segoe UI Semibold, 25, 19, 96, 96
Segoe UI Semilight, 2, 1, 96, 96
Segoe UI Semilight, 3, 2, 96, 96
Segoe UI Semilight, 4, 3, 96, 96
Segoe UI Semilight, 5, 4, 96, 96
Segoe UI Semilight, 6, 4, 96, 96
Segoe UI Semilight, 7, 5, 96, 96
Segoe UI Semilight, 8, 6, 96, 96
Segoe UI Semilight, 9, 6, 96, 96
Segoe UI Semilight, 10, 7, 96, 96
Segoe UI Semilight, 11, 8, 96, 96
Segoe UI Semilight, 12, 8, 96, 96
Segoe UI Semilight, 13, 9, 96, 96
Segoe UI Semilight, 14, 10, 96, 96
Segoe UI Semilight, 15, 11, 96, 96
Segoe UI Semilight, 16, 11, 96, 96
Segoe UI Semilight, 17, 12, 96, 96
Segoe UI Semilight, 18, 13, 96, 96
Segoe UI Semilight, 19, 13, 96, 96
Segoe UI Semilight, 20, 14, 96, 96
Segoe UI Semilight, 21, 15, 96, 96
Segoe UI Semilight, 22, 15, 96, 96
Segoe UI Semilight, 23, 16, 96, 96
Segoe UI Semilight, 24, 17, 96, 96
Segoe UI Semilight, 25, 18, 96, 96
Segoe UI Symbol, 2, 1, 96, 96
Segoe UI Symbol, 3, 2, 96, 96
Segoe UI Symbol, 4, 3, 96, 96
Segoe UI Symbol, 5, 4, 96, 96
Segoe UI Symbol, 6, 4, 96, 96
Segoe UI Symbol, 7, 5, 96, 96
Segoe UI Symbol, 8, 6, 96, 96
Segoe UI Symbol, 9, 6, 96, 96
Segoe UI Symbol, 10, 7, 96, 96
Segoe UI Symbol, 11, 8, 96, 96
Segoe UI Symbol, 12, 9, 96, 96
Segoe UI Symbol, 13, 9, 96, 96
Segoe UI Symbol, 14, 10, 96, 96
Segoe UI Symbol, 15, 11, 96, 96
Segoe UI Symbol, 16, 11, 96, 96
Segoe UI Symbol, 17, 12, 96, 96
Segoe UI Symbol, 18, 13, 96, 96
Segoe UI Symbol, 19, 14, 96, 96
Segoe UI Symbol, 20, 14, 96, 96
Segoe UI Symbol, 21, 15, 96, 96
Segoe UI Symbol, 22, 16, 96, 96
Segoe UI Symbol, 23, 17, 96, 96
Segoe UI Symbol, 24, 17, 96, 96
Segoe UI Symbol, 25, 18, 96, 96
SimSun, 2, 1, 96, 96
SimSun, 3, 2, 96, 96
SimSun, 4, 3, 96, 96
SimSun, 5, 3, 96, 96
SimSun, 6, 4, 96, 96
SimSun, 7, 5, 96, 96
SimSun, 8, 5, 96, 96
SimSun, 9, 6, 96, 96
SimSun, 10, 7, 96, 96
SimSun, 11, 7, 96, 96
SimSun, 12, 8, 96, 96
SimSun, 13, 9, 96, 96
SimSun, 14, 9, 96, 96
SimSun, 15, 10, 96, 96
SimSun, 16, 11, 96, 96
SimSun, 17, 11, 96, 96
SimSun, 18, 12, 96, 96
SimSun, 19, 13, 96, 96
SimSun, 20, 13, 96, 96
SimSun, 21, 14, 96, 96
SimSun, 22, 15, 96, 96
SimSun, 23, 15, 96, 96
SimSun, 24, 16, 96, 96
SimSun, 25, 17, 96, 96
SimSun-ExtB, 2, 1, 96, 96
SimSun-ExtB, 3, 2, 96, 96
SimSun-ExtB, 4, 3, 96, 96
SimSun-ExtB, 5, 3, 96, 96
SimSun-ExtB, 6, 4, 96, 96
SimSun-ExtB, 7, 5, 96, 96
SimSun-ExtB, 8, 5, 96, 96
SimSun-ExtB, 9, 6, 96, 96
SimSun-ExtB, 10, 7, 96, 96
SimSun-ExtB, 11, 7, 96, 96
SimSun-ExtB, 12, 8, 96, 96
SimSun-ExtB, 13, 9, 96, 96
SimSun-ExtB, 14, 9, 96, 96
SimSun-ExtB, 15, 10, 96, 96
SimSun-ExtB, 16, 11, 96, 96
SimSun-ExtB, 17, 11, 96, 96
SimSun-ExtB, 18, 12, 96, 96
SimSun-ExtB, 19, 13, 96, 96
SimSun-ExtB, 20, 13, 96, 96
SimSun-ExtB, 21, 14, 96, 96
SimSun-ExtB, 22, 15, 96, 96
SimSun-ExtB, 23, 15, 96, 96
SimSun-ExtB, 24, 16, 96, 96
SimSun-ExtB, 25, 17, 96, 96
Sitka Banner, 2, 1, 96, 96
Sitka Banner, 3, 2, 96, 96
Sitka Banner, 4, 3, 96, 96
Sitka Banner, 5, 3, 96, 96
Sitka Banner, 6, 4, 96, 96
Sitka Banner, 7, 5, 96, 96
Sitka Banner, 8, 5, 96, 96
Sitka Banner, 9, 6, 96, 96
Sitka Banner, 10, 7, 96, 96
Sitka Banner, 11, 7, 96, 96
Sitka Banner, 12, 8, 96, 96
Sitka Banner, 13, 9, 96, 96
Sitka Banner, 14, 9, 96, 96
Sitka Banner, 15, 10, 96, 96
Sitka Banner, 16, 11, 96, 96
Sitka Banner, 17, 11, 96, 96
Sitka Banner, 18, 12, 96, 96
Sitka Banner, 19, 13, 96, 96
Sitka Banner, 20, 14, 96, 96
Sitka Banner, 21, 14, 96, 96
Sitka Banner, 22, 15, 96, 96
Sitka Banner, 23, 16, 96, 96
Sitka Banner, 24, 16, 96, 96
Sitka Banner, 25, 17, 96, 96
Sitka Display, 2, 1, 96, 96
Sitka Display, 3, 2, 96, 96
Sitka Display, 4, 3, 96, 96
Sitka Display, 5, 4, 96, 96
Sitka Display, 6, 4, 96, 96
Sitka Display, 7, 5, 96, 96
Sitka Display, 8, 6, 96, 96
Sitka Display, 9, 6, 96, 96
Sitka Display, 10, 7, 96, 96
Sitka Display, 11, 8, 96, 96
Sitka Display, 12, 8, 96, 96
Sitka Display, 13, 9, 96, 96
Sitka Display, 14, 10, 96, 96
Sitka Display, 15, 11, 96, 96
Sitka Display, 16, 11, 96, 96
Sitka Display, 17, 12, 96, 96
Sitka Display, 18, 13, 96, 96
Sitka Display, 19, 13, 96, 96
Sitka Display, 20, 14, 96, 96
Sitka Display, 21, 15, 96, 96
Sitka Display, 22, 16, 96, 96
Sitka Display, 23, 16, 96, 96
Sitka Display, 24, 17, 96, 96
Sitka Display, 25, 18, 96, 96
Sitka Heading, 2, 1, 96, 96
Sitka Heading, 3, 2, 96, 96
Sitka Heading, 4, 3, 96, 96
Sitka Heading, 5, 4, 96, 96
Sitka Heading, 6, 4, 96, 96
Sitka Heading, 7, 5, 96, 96
Sitka Heading, 8, 6, 96, 96
Sitka Heading, 9, 7, 96, 96
Sitka Heading, 10, 7, 96, 96
Sitka Heading, 11, 8, 96, 96
Sitka Heading, 12, 9, 96, 96
Sitka Heading, 13, 10, 96, 96
Sitka Heading, 14, 10, 96, 96
Sitka Heading, 15, 11, 96, 96
Sitka Heading, 16, 12, 96, 96
Sitka Heading, 17, 13, 96, 96
Sitka Heading, 18, 13, 96, 96
Sitka Heading, 19, 14, 96, 96
Sitka Heading, 20, 15, 96, 96
Sitka Heading, 21, 16, 96, 96
Sitka Heading, 22, 16, 96, 96
Sitka Heading, 23, 17, 96, 96
Sitka Heading, 24, 18, 96, 96
Sitka Heading, 25, 19, 96, 96
Sitka Small, 2, 2, 96, 96
Sitka Small, 3, 3, 96, 96
Sitka Small, 4, 4, 96, 96
Sitka Small, 5, 5, 96, 96
Sitka Small, 6, 6, 96, 96
Sitka Small, 7, 6, 96, 96
Sitka Small, 8, 7, 96, 96
Sitka Small, 9, 8, 96, 96
Sitka Small, 10, 9, 96, 96
Sitka Small, 11, 10, 96, 96
Sitka Small, 12, 11, 96, 96
Sitka Small, 13, 12, 96, 96
Sitka Small, 14, 13, 96, 96
Sitka Small, 15, 14, 96, 96
Sitka Small, 16, 15, 96, 96
Sitka Small, 17, 16, 96, 96
Sitka Small, 18, 17, 96, 96
Sitka Small, 19, 18, 96, 96
Sitka Small, 20, 18, 96, 96
Sitka Small, 21, 19, 96, 96
Sitka Small, 22, 20, 96, 96
Sitka Small, 23, 21, 96, 96
Sitka Small, 24, 22, 96, 96
Sitka Small, 25, 23, 96, 96
Sitka Subheading, 2, 2, 96, 96
Sitka Subheading, 3, 2, 96, 96
Sitka Subheading, 4, 3, 96, 96
Sitka Subheading, 5, 4, 96, 96
Sitka Subheading, 6, 5, 96, 96
Sitka Subheading, 7, 6, 96, 96
Sitka Subheading, 8, 6, 96, 96
Sitka Subheading, 9, 7, 96, 96
Sitka Subheading, 10, 8, 96, 96
Sitka Subheading, 11, 9, 96, 96
Sitka Subheading, 12, 9, 96, 96
Sitka Subheading, 13, 10, 96, 96
Sitka Subheading, 14, 11, 96, 96
Sitka Subheading, 15, 12, 96, 96
Sitka Subheading, 16, 13, 96, 96
Sitka Subheading, 17, 13, 96, 96
Sitka Subheading, 18, 14, 96, 96
Sitka Subheading, 19, 15, 96, 96
Sitka Subheading, 20, 16, 96, 96
Sitka Subheading, 21, 17, 96, 96
Sitka Subheading, 22, 17, 96, 96
Sitka Subheading, 23, 18, 96, 96
Sitka Subheading, 24, 19, 96, 96
Sitka Subheading, 25, 20, 96, 96
Sitka Text, 2, 2, 96, 96
Sitka Text, 3, 3, 96, 96
Sitka Text, 4, 3, 96, 96
Sitka Text, 5, 4, 96, 96
Sitka Text, 6, 5, 96, 96
Sitka Text, 7, 6, 96, 96
Sitka Text, 8, 7, 96, 96
Sitka Text, 9, 8, 96, 96
Sitka Text, 10, 8, 96, 96
Sitka Text, 11, 9, 96, 96
Sitka Text, 12, 10, 96, 96
Sitka Text, 13, 11, 96, 96
Sitka Text, 14, 12, 96, 96
Sitka Text, 15, 13, 96, 96
Sitka Text, 16, 14, 96, 96
Sitka Text, 17, 14, 96, 96
Sitka Text, 18, 15, 96, 96
Sitka Text, 19, 16, 96, 96
Sitka Text, 20, 17, 96, 96
Sitka Text, 21, 18, 96, 96
Sitka Text, 22, 19, 96, 96
Sitka Text, 23, 20, 96, 96
Sitka Text, 24, 20, 96, 96
Sitka Text, 25, 21, 96, 96
Sylfaen, 2, 1, 96, 96
Sylfaen, 3, 2, 96, 96
Sylfaen, 4, 3, 96, 96
Sylfaen, 5, 3, 96, 96
Sylfaen, 6, 4, 96, 96
Sylfaen, 7, 5, 96, 96
Sylfaen, 8, 5, 96, 96
Sylfaen, 9, 6, 96, 96
Sylfaen, 10, 7, 96, 96
Sylfaen, 11, 7, 96, 96
Sylfaen, 12, 8, 96, 96
Sylfaen, 13, 9, 96, 96
Sylfaen, 14, 9, 96, 96
Sylfaen, 15, 10, 96, 96
Sylfaen, 16, 11, 96, 96
Sylfaen, 17, 11, 96, 96
Sylfaen, 18, 12, 96, 96
Sylfaen, 19, 13, 96, 96
Sylfaen, 20, 13, 96, 96
Sylfaen, 21, 14, 96, 96
Sylfaen, 22, 15, 96, 96
Sylfaen, 23, 15, 96, 96
Sylfaen, 24, 16, 96, 96
Sylfaen, 25, 17, 96, 96
Symbol, 2, 1, 96, 96
Symbol, 3, 2, 96, 96
Symbol, 4, 3, 96, 96
Symbol, 5, 3, 96, 96
Symbol, 6, 4, 96, 96
Symbol, 7, 5, 96, 96
Symbol, 8, 5, 96, 96
Symbol, 9, 6, 96, 96
Symbol, 10, 7, 96, 96
Symbol, 11, 7, 96, 96
Symbol, 12, 8, 96, 96
Symbol, 13, 9, 96, 96
Symbol, 14, 9, 96, 96
Symbol, 15, 10, 96, 96
Symbol, 16, 11, 96, 96
Symbol, 17, 11, 96, 96
Symbol, 18, 12, 96, 96
Symbol, 19, 13, 96, 96
Symbol, 20, 13, 96, 96
Symbol, 21, 14, 96, 96
Symbol, 22, 15, 96, 96
Symbol, 23, 15, 96, 96
Symbol, 24, 16, 96, 96
Symbol, 25, 17, 96, 96
Tahoma, 2, 1, 96, 96
Tahoma, 3, 2, 96, 96
Tahoma, 4, 3, 96, 96
Tahoma, 5, 4, 96, 96
Tahoma, 6, 4, 96, 96
Tahoma, 7, 5, 96, 96
Tahoma, 8, 6, 96, 96
Tahoma, 9, 7, 96, 96
Tahoma, 10, 7, 96, 96
Tahoma, 11, 8, 96, 96
Tahoma, 12, 9, 96, 96
Tahoma, 13, 9, 96, 96
Tahoma, 14, 10, 96, 96
Tahoma, 15, 11, 96, 96
Tahoma, 16, 12, 96, 96
Tahoma, 17, 12, 96, 96
Tahoma, 18, 13, 96, 96
Tahoma, 19, 14, 96, 96
Tahoma, 20, 15, 96, 96
Tahoma, 21, 15, 96, 96
Tahoma, 22, 16, 96, 96
Tahoma, 23, 17, 96, 96
Tahoma, 24, 17, 96, 96
Tahoma, 25, 18, 96, 96
Times New Roman, 2, 1, 96, 96
Times New Roman, 3, 2, 96, 96
Times New Roman, 4, 3, 96, 96
Times New Roman, 5, 3, 96, 96
Times New Roman, 6, 4, 96, 96
Times New Roman, 7, 5, 96, 96
Times New Roman, 8, 5, 96, 96
Times New Roman, 9, 6, 96, 96
Times New Roman, 10, 7, 96, 96
Times New Roman, 11, 7, 96, 96
Times New Roman, 12, 8, 96, 96
Times New Roman, 13, 9, 96, 96
Times New Roman, 14, 9, 96, 96
Times New Roman, 15, 10, 96, 96
Times New Roman, 16, 11, 96, 96
Times New Roman, 17, 11, 96, 96
Times New Roman, 18, 12, 96, 96
Times New Roman, 19, 13, 96, 96
Times New Roman, 20, 13, 96, 96
Times New Roman, 21, 14, 96, 96
Times New Roman, 22, 15, 96, 96
Times New Roman, 23, 15, 96, 96
Times New Roman, 24, 16, 96, 96
Times New Roman, 25, 17, 96, 96
Trebuchet MS, 2, 1, 96, 96
Trebuchet MS, 3, 2, 96, 96
Trebuchet MS, 4, 3, 96, 96
Trebuchet MS, 5, 3, 96, 96
Trebuchet MS, 6, 4, 96, 96
Trebuchet MS, 7, 5, 96, 96
Trebuchet MS, 8, 6, 96, 96
Trebuchet MS, 9, 6, 96, 96
Trebuchet MS, 10, 7, 96, 96
Trebuchet MS, 11, 8, 96, 96
Trebuchet MS, 12, 8, 96, 96
Trebuchet MS, 13, 9, 96, 96
Trebuchet MS, 14, 10, 96, 96
Trebuchet MS, 15, 10, 96, 96
Trebuchet MS, 16, 11, 96, 96
Trebuchet MS, 17, 12, 96, 96
Trebuchet MS, 18, 13, 96, 96
Trebuchet MS, 19, 13, 96, 96
Trebuchet MS, 20, 14, 96, 96
Trebuchet MS, 21, 15, 96, 96
Trebuchet MS, 22, 15, 96, 96
Trebuchet MS, 23, 16, 96, 96
Trebuchet MS, 24, 17, 96, 96
Trebuchet MS, 25, 17, 96, 96
Verdana, 2, 2, 96, 96
Verdana, 3, 3, 96, 96
Verdana, 4, 3, 96, 96
Verdana, 5, 4, 96, 96
Verdana, 6, 5, 96, 96
Verdana, 7, 6, 96, 96
Verdana, 8, 7, 96, 96
Verdana, 9, 8, 96, 96
Verdana, 10, 8, 96, 96
Verdana, 11, 9, 96, 96
Verdana, 12, 10, 96, 96
Verdana, 13, 11, 96, 96
Verdana, 14, 12, 96, 96
Verdana, 15, 13, 96, 96
Verdana, 16, 14, 96, 96
Verdana, 17, 14, 96, 96
Verdana, 18, 15, 96, 96
Verdana, 19, 16, 96, 96
Verdana, 20, 17, 96, 96
Verdana, 21, 18, 96, 96
Verdana, 22, 19, 96, 96
Verdana, 23, 19, 96, 96
Verdana, 24, 20, 96, 96
Verdana, 25, 21, 96, 96
Webdings, 2, 3, 96, 96
Webdings, 3, 4, 96, 96
Webdings, 4, 5, 96, 96
Webdings, 5, 7, 96, 96
Webdings, 6, 8, 96, 96
Webdings, 7, 9, 96, 96
Webdings, 8, 11, 96, 96
Webdings, 9, 12, 96, 96
Webdings, 10, 13, 96, 96
Webdings, 11, 15, 96, 96
Webdings, 12, 16, 96, 96
Webdings, 13, 17, 96, 96
Webdings, 14, 19, 96, 96
Webdings, 15, 20, 96, 96
Webdings, 16, 21, 96, 96
Webdings, 17, 23, 96, 96
Webdings, 18, 24, 96, 96
Webdings, 19, 25, 96, 96
Webdings, 20, 27, 96, 96
Webdings, 21, 28, 96, 96
Webdings, 22, 29, 96, 96
Webdings, 23, 31, 96, 96
Webdings, 24, 32, 96, 96
Webdings, 25, 33, 96, 96
Wingdings, 2, 3, 96, 96
Wingdings, 3, 4, 96, 96
Wingdings, 4, 6, 96, 96
Wingdings, 5, 7, 96, 96
Wingdings, 6, 9, 96, 96
Wingdings, 7, 10, 96, 96
Wingdings, 8, 12, 96, 96
Wingdings, 9, 13, 96, 96
Wingdings, 10, 15, 96, 96
Wingdings, 11, 16, 96, 96
Wingdings, 12, 18, 96, 96
Wingdings, 13, 19, 96, 96
Wingdings, 14, 20, 96, 96
Wingdings, 15, 22, 96, 96
Wingdings, 16, 23, 96, 96
Wingdings, 17, 25, 96, 96
Wingdings, 18, 26, 96, 96
Wingdings, 19, 28, 96, 96
Wingdings, 20, 29, 96, 96
Wingdings, 21, 31, 96, 96
Wingdings, 22, 32, 96, 96
Wingdings, 23, 34, 96, 96
Wingdings, 24, 35, 96, 96
Wingdings, 25, 37, 96, 96
Yu Gothic, 2, 1, 96, 96
Yu Gothic, 3, 2, 96, 96
Yu Gothic, 4, 3, 96, 96
Yu Gothic, 5, 4, 96, 96
Yu Gothic, 6, 4, 96, 96
Yu Gothic, 7, 5, 96, 96
Yu Gothic, 8, 6, 96, 96
Yu Gothic, 9, 7, 96, 96
Yu Gothic, 10, 7, 96, 96
Yu Gothic, 11, 8, 96, 96
Yu Gothic, 12, 9, 96, 96
Yu Gothic, 13, 10, 96, 96
Yu Gothic, 14, 10, 96, 96
Yu Gothic, 15, 11, 96, 96
Yu Gothic, 16, 12, 96, 96
Yu Gothic, 17, 13, 96, 96
Yu Gothic, 18, 13, 96, 96
Yu Gothic, 19, 14, 96, 96
Yu Gothic, 20, 15, 96, 96
Yu Gothic, 21, 16, 96, 96
Yu Gothic, 22, 16, 96, 96
Yu Gothic, 23, 17, 96, 96
Yu Gothic, 24, 18, 96, 96
Yu Gothic, 25, 19, 96, 96
Yu Gothic Light, 2, 1, 96, 96
Yu Gothic Light, 3, 2, 96, 96
Yu Gothic Light, 4, 3, 96, 96
Yu Gothic Light, 5, 4, 96, 96
Yu Gothic Light, 6, 4, 96, 96
Yu Gothic Light, 7, 5, 96, 96
Yu Gothic Light, 8, 6, 96, 96
Yu Gothic Light, 9, 6, 96, 96
Yu Gothic Light, 10, 7, 96, 96
Yu Gothic Light, 11, 8, 96, 96
Yu Gothic Light, 12, 9, 96, 96
Yu Gothic Light, 13, 9, 96, 96
Yu Gothic Light, 14, 10, 96, 96
Yu Gothic Light, 15, 11, 96, 96
Yu Gothic Light, 16, 11, 96, 96
Yu Gothic Light, 17, 12, 96, 96
Yu Gothic Light, 18, 13, 96, 96
Yu Gothic Light, 19, 14, 96, 96
Yu Gothic Light, 20, 14, 96, 96
Yu Gothic Light, 21, 15, 96, 96
Yu Gothic Light, 22, 16, 96, 96
Yu Gothic Light, 23, 16, 96, 96
Yu Gothic Light, 24, 17, 96, 96
Yu Gothic Light, 25, 18, 96, 96
Yu Gothic Medium, 2, 1, 96, 96
Yu Gothic Medium, 3, 2, 96, 96
Yu Gothic Medium, 4, 3, 96, 96
Yu Gothic Medium, 5, 4, 96, 96
Yu Gothic Medium, 6, 4, 96, 96
Yu Gothic Medium, 7, 5, 96, 96
Yu Gothic Medium, 8, 6, 96, 96
Yu Gothic Medium, 9, 7, 96, 96
Yu Gothic Medium, 10, 7, 96, 96
Yu Gothic Medium, 11, 8, 96, 96
Yu Gothic Medium, 12, 9, 96, 96
Yu Gothic Medium, 13, 10, 96, 96
Yu Gothic Medium, 14, 10, 96, 96
Yu Gothic Medium, 15, 11, 96, 96
Yu Gothic Medium, 16, 12, 96, 96
Yu Gothic Medium, 17, 13, 96, 96
Yu Gothic Medium, 18, 13, 96, 96
Yu Gothic Medium, 19, 14, 96, 96
Yu Gothic Medium, 20, 15, 96, 96
Yu Gothic Medium, 21, 16, 96, 96
Yu Gothic Medium, 22, 16, 96, 96
Yu Gothic Medium, 23, 17, 96, 96
Yu Gothic Medium, 24, 18, 96, 96
Yu Gothic Medium, 25, 19, 96, 96
Yu Gothic UI, 2, 1, 96, 96
Yu Gothic UI, 3, 2, 96, 96
Yu Gothic UI, 4, 3, 96, 96
Yu Gothic UI, 5, 4, 96, 96
Yu Gothic UI, 6, 4, 96, 96
Yu Gothic UI, 7, 5, 96, 96
Yu Gothic UI, 8, 6, 96, 96
Yu Gothic UI, 9, 6, 96, 96
Yu Gothic UI, 10, 7, 96, 96
Yu Gothic UI, 11, 8, 96, 96
Yu Gothic UI, 12, 9, 96, 96
Yu Gothic UI, 13, 9, 96, 96
Yu Gothic UI, 14, 10, 96, 96
Yu Gothic UI, 15, 11, 96, 96
Yu Gothic UI, 16, 11, 96, 96
Yu Gothic UI, 17, 12, 96, 96
Yu Gothic UI, 18, 13, 96, 96
Yu Gothic UI, 19, 14, 96, 96
Yu Gothic UI, 20, 14, 96, 96
Yu Gothic UI, 21, 15, 96, 96
Yu Gothic UI, 22, 16, 96, 96
Yu Gothic UI, 23, 17, 96, 96
Yu Gothic UI, 24, 17, 96, 96
Yu Gothic UI, 25, 18, 96, 96
Yu Gothic UI Light, 2, 1, 96, 96
Yu Gothic UI Light, 3, 2, 96, 96
Yu Gothic UI Light, 4, 3, 96, 96
Yu Gothic UI Light, 5, 3, 96, 96
Yu Gothic UI Light, 6, 4, 96, 96
Yu Gothic UI Light, 7, 5, 96, 96
Yu Gothic UI Light, 8, 5, 96, 96
Yu Gothic UI Light, 9, 6, 96, 96
Yu Gothic UI Light, 10, 7, 96, 96
Yu Gothic UI Light, 11, 8, 96, 96
Yu Gothic UI Light, 12, 8, 96, 96
Yu Gothic UI Light, 13, 9, 96, 96
Yu Gothic UI Light, 14, 10, 96, 96
Yu Gothic UI Light, 15, 10, 96, 96
Yu Gothic UI Light, 16, 11, 96, 96
Yu Gothic UI Light, 17, 12, 96, 96
Yu Gothic UI Light, 18, 12, 96, 96
Yu Gothic UI Light, 19, 13, 96, 96
Yu Gothic UI Light, 20, 14, 96, 96
Yu Gothic UI Light, 21, 14, 96, 96
Yu Gothic UI Light, 22, 15, 96, 96
Yu Gothic UI Light, 23, 16, 96, 96
Yu Gothic UI Light, 24, 16, 96, 96
Yu Gothic UI Light, 25, 17, 96, 96
Yu Gothic UI Semibold, 2, 1, 96, 96
Yu Gothic UI Semibold, 3, 2, 96, 96
Yu Gothic UI Semibold, 4, 3, 96, 96
Yu Gothic UI Semibold, 5, 4, 96, 96
Yu Gothic UI Semibold, 6, 4, 96, 96
Yu Gothic UI Semibold, 7, 5, 96, 96
Yu Gothic UI Semibold, 8, 6, 96, 96
Yu Gothic UI Semibold, 9, 7, 96, 96
Yu Gothic UI Semibold, 10, 7, 96, 96
Yu Gothic UI Semibold, 11, 8, 96, 96
Yu Gothic UI Semibold, 12, 9, 96, 96
Yu Gothic UI Semibold, 13, 10, 96, 96
Yu Gothic UI Semibold, 14, 10, 96, 96
Yu Gothic UI Semibold, 15, 11, 96, 96
Yu Gothic UI Semibold, 16, 12, 96, 96
Yu Gothic UI Semibold, 17, 13, 96, 96
Yu Gothic UI Semibold, 18, 13, 96, 96
Yu Gothic UI Semibold, 19, 14, 96, 96
Yu Gothic UI Semibold, 20, 15, 96, 96
Yu Gothic UI Semibold, 21, 16, 96, 96
Yu Gothic UI Semibold, 22, 16, 96, 96
Yu Gothic UI Semibold, 23, 17, 96, 96
Yu Gothic UI Semibold, 24, 18, 96, 96
Yu Gothic UI Semibold, 25, 19, 96, 96
Yu Gothic UI Semilight, 2, 1, 96, 96
Yu Gothic UI Semilight, 3, 2, 96, 96
Yu Gothic UI Semilight, 4, 3, 96, 96
Yu Gothic UI Semilight, 5, 4, 96, 96
Yu Gothic UI Semilight, 6, 4, 96, 96
Yu Gothic UI Semilight, 7, 5, 96, 96
Yu Gothic UI Semilight, 8, 6, 96, 96
Yu Gothic UI Semilight, 9, 6, 96, 96
Yu Gothic UI Semilight, 10, 7, 96, 96
Yu Gothic UI Semilight, 11, 8, 96, 96
Yu Gothic UI Semilight, 12, 8, 96, 96
Yu Gothic UI Semilight, 13, 9, 96, 96
Yu Gothic UI Semilight, 14, 10, 96, 96
Yu Gothic UI Semilight, 15, 11, 96, 96
Yu Gothic UI Semilight, 16, 11, 96, 96
Yu Gothic UI Semilight, 17, 12, 96, 96
Yu Gothic UI Semilight, 18, 13, 96, 96
Yu Gothic UI Semilight, 19, 13, 96, 96
Yu Gothic UI Semilight, 20, 14, 96, 96
Yu Gothic UI Semilight, 21, 15, 96, 96
Yu Gothic UI Semilight, 22, 15, 96, 96
Yu Gothic UI Semilight, 23, 16, 96, 96
Yu Gothic UI Semilight, 24, 17, 96, 96
Yu Gothic UI Semilight, 25, 18, 96, 96
